Customer Module/Option,Customer Module/Option Function,Wire Type,Wire Customer Name,Wire Internal Name,Initial Wire Length[Twisted],Final Wire Length,Wire Color,Wire Kind,Wire Cross-Section,Wire Spec.,Wire Part Number,Multicore Name,Multicore Part Number,Pitch,Multicore Note,From Connector (long name),From Connector (Short Name),From X Internal name,Open end_1 [mm],From Sequence no.,From Splice Protection,From Splice Base Wire,From Cavity,From Terminal,Striping Length (mm),From Seal by Terminal,From Marking,From Connector Material,From Connector Coordinate,From Multiple Wire/Cav,From Crimping Type,From Double Crimp. With Wire(s),From Wire End Components,From Eyelet Protection,To Connector (long name),To Connector (Short Name),To X Internal name,Open end_2 [mm],To Sequence no.,To Splice Protection,To Splice Base Wire,To Cavity,To Terminal,Striping Length (mm),To Seal by Terminal,To Marking,To Connector Material,To Connector Coordinate,To Multiple Wire/Cav,To Crimping Type,To Double Crimp. With Wire(s),To Wire End Components,To Eyelet Protection,403881526S:00000,403882047S:00000,403882377S:00000,403885221S:00000,403885584S:00000,403887234S:00000
ALL,,Single Wire,1,W0001,,1135,Y,COFLRYB,0.5,COFLRYB-0.5,180FW403970,,,,,,946AA,C21,,,,,D1,7116441602,4.0,,,7287375630,25 / T,NO,Single,,,,,EAP15-A,J614,,,4309U5030,,R,,,,,KS7478-0150,7 / S,,,,,,X,X,X,X,X,X
ALL,,Single Wire,10,W0010,,1045,BE/W,COFLRYB,0.35,COFLRYB-0.35,180FW4069DH,,,,,,227AA,C8,,,,,2,7216778602,3.3,7158347440,,7287703830,9 / B,NO,Single,,,,,E78I-A,J612,,,70393210,,L,,,,,KS7478-0150,30 / F,,,,,,X,X,X,X,X,X
ALL,,Single Wire,100,W0098,,425,R/W,COFLRYB,0.35,COFLRYB-0.35,180FW406954,,,,,,938AA,C12,,,,,27,7116441502,4.0,7158316660,,7298170230,13 / U,NO,Single,,,,,EBRH4-A,J619,,,4309U5030,,L,,,,,KS7478-0150,20 / Q,,,,,,X,X,X,X,X,X
4DGS,,Single Wire,1000,W0398,,1370,R,COFLRYB,0.5,COFLRYB-0.5,180FW403950,,,,,,2287AA,C86,,,,,3,7296129602,3.7,7158303870,,7289909030,22 / K,YES,Single,,,,,EBRH3-A,J648,,,4309U5030,,L,,,,,KS7478-0150,69 / U,,,,,,X,,,X,X,X
ALL,,Single Wire,101,W0099,,425,R/W,COFLRYB,0.35,COFLRYB-0.35,180FW406954,,,,,,938AA,C12,,,,,7,7116441502,4.0,7158316660,,7298170230,13 / U,NO,Single,,,,,EBRH4-A,J619,,,4309U5030,,L,,,,,KS7478-0150,20 / Q,,,,,,X,X,X,X,X,X
ALL,,Single Wire,102,W0100,,2475,GY,COFLRYB,0.5,COFLRYB-0.5,180FW403941,,,,,,946AC,C29,,,,,A3,7116441602,4.0,,,7287377340,38 / U,NO,Single,,,,,E3AMV-A,J608,,,70393210,,L,,,,,KS7478-0150,36 / E,,,,,,X,X,X,X,X,X
ALL,,Twisted Wire,103,W0375,745,730,G,COFLRYB,0.5,COFLRYB-0.5,180FW403960,CBL$1038,,25,020,,946AC,C29,50,,,,L1,7116441602,4.0,,,7287377340,38 / U,NO,Single,,,,,E55AP-A,J641,110,,70393210,,R,,,,,KS7478-0150,22 / P,,,,,,X,X,X,X,X,X
ALL,,Twisted Wire,104,W0376,745,730,GY,COFLRYB,0.5,COFLRYB-0.5,180FW403941,CBL$1038,,25,020,,946AC,C29,50,,,,L2,7116441602,4.0,,,7287377340,38 / U,NO,Single,,,,,E55AQ-A,J640,110,,4309U5030,,R,,,,,KS7478-0150,21 / P,,,,,,X,X,X,X,X,X
PCT1 || PCT2,,Twisted Wire,105,W0357,855,840,BR/W,COFLRYB,0.35,COFLRYB-0.35,180FW406984,CBL$1060,,25,009,,648-53A,C88,50,,,,10,7195028702,4.0,,,7186066580,52 / X,NO,Single,,,,,2494AB,C27,50,,,,3,7196120602,3.25,,,7278197730,34 / Q,NO,Single,,,,X,X,X,X,X,X
PCT1 || PCT2,,Twisted Wire,106,W0358,855,840,G/W,COFLRYB,0.35,COFLRYB-0.35,180FW406964,CBL$1060,,25,009,,648-53A,C88,50,,,,11,7195028702,4.0,,,7186066580,52 / X,NO,Single,,,,,2494AB,C27,50,,,,4,7196120602,3.25,,,7278197730,34 / Q,NO,Single,,,,X,X,X,X,X,X
ALL,,Twisted Wire,107,W0337,1465,1440,BR/W,A3ZP,0.35,A3ZP-0.35,180CE506984,CBL$802,,25,018,,646-53A,C56,50,,,,14,7195028702,4.0,,,7186066560,61 / V,NO,Single,,,,,469-53A,C36,50,,,,5,7195152702,4.0,,,7297555740,44 / J,NO,Single,,,,X,X,X,X,X,X
ALL,,Twisted Wire,108,W0338,1465,1440,GY/W,A3ZP,0.35,A3ZP-0.35,180CE5069H7,CBL$802,,25,018,,646-53A,C56,50,,,,15,7195028702,4.0,,,7186066560,61 / V,NO,Single,,,,,469-53A,C36,50,,,,6,7195152702,4.0,,,7297555740,44 / J,NO,Single,,,,X,X,X,X,X,X
ALL,,Twisted Wire,109,W0355,640,625,GY,COFLRYB,0.5,COFLRYB-0.5,180FW403941,CBL$1530,,25,019,,938AA,C12,50,,,,35,7116441602,4.0,7158316780,,7298170230,13 / U,NO,Single,,,,,E55AQ-A,J640,110,,4309U5030,,L,,,,,KS7478-0150,21 / P,,,,,,X,X,X,X,X,X
ALL,,Single Wire,11,W0011,,650,P/W,COFLRYB,0.35,COFLRYB-0.35,180FW406900,,,,,,260AA,C52,,,,,11,7116704502,4.3,,,72899966,56 / S,NO,Single,,,,,645AA,C64,,,,,18,7196120602,3.25,,,7278059630,70 / W,NO,Single,,,,X,X,X,X,X,X
ALL,,Twisted Wire,110,W0356,640,625,G,COFLRYB,0.5,COFLRYB-0.5,180FW403960,CBL$1530,,25,019,,938AA,C12,50,,,,36,7116441602,4.0,7158316780,,7298170230,13 / U,NO,Single,,,,,E55AP-A,J641,110,,70393210,,L,,,,,KS7478-0150,22 / P,,,,,,X,X,X,X,X,X
ALL,,Twisted Wire,111,W0373,965,945,GY/W,COFLRYB,0.35,COFLRYB-0.35,180FW4069H7,CBL$24730,,25,021,,662-53A,C71,50,,,,14,7196029002,4.0,,,7187090560,73 / R,NO,Single,,,,,E55AQ-A,J640,110,,4309U5030,,R,,,,,KS7478-0150,21 / P,,,,,,X,X,X,X,X,X
ALL,,Twisted Wire,112,W0374,965,945,G/W,COFLRYB,0.35,COFLRYB-0.35,180FW406964,CBL$24730,,25,021,,662-53A,C71,50,,,,4,7196029002,4.0,,,7187090560,73 / R,NO,Single,,,,,E55AP-A,J641,110,,70393210,,R,,,,,KS7478-0150,22 / P,,,,,,X,X,X,X,X,X
ALL,,Twisted Wire,113,W0351,740,725,BR/W,COFLRYB,0.35,COFLRYB-0.35,180FW406984,CBL$2940,,25,001,,648-53A,C88,50,,,,16,7195028702,4.0,,,7186066580,52 / X,NO,Single,,,,,E137G-B,J643,110,,70393210,,R,,,,,KS7478-0150,26 / P,,,,,,X,X,X,X,X,X
ALL,,Twisted Wire,114,W0352,740,725,P/W,COFLRYB,0.35,COFLRYB-0.35,180FW406900,CBL$2940,,25,001,,648-53A,C88,50,,,,6,7195028702,4.0,,,7186066580,52 / X,NO,Single,,,,,E137H-B,J642,110,,4309U5030,,R,,,,,KS7478-0150,27 / P,,,,,,X,X,X,X,X,X
ALL,,Twisted Wire,115,W0377,1580,1555,BR/W,COFLRYB,0.35,COFLRYB-0.35,180FW406984,CBL$3,,25,026,,227AA,C8,50,,,,7,7216778602,3.3,7158347440,,7287703830,9 / B,NO,Single,,,,,E98A-A,J633,110,,70393210,,R,,,,,KS7478-0150,48 / D,,,,,,X,X,X,X,X,X
ALL,,Twisted Wire,116,W0378,1580,1555,L/W,COFLRYB,0.35,COFLRYB-0.35,180FW406994,CBL$3,,25,026,,227AA,C8,50,,,,8,7216778602,3.3,7158347440,,7287703830,9 / B,NO,Single,,,,,E98B-A,J634,110,,70393210,,R,,,,,KS7478-0150,49 / D,,,,,,X,X,X,X,X,X
ALL,,Twisted Wire,117,W0345,1510,1485,L/W,COFLRYB,0.35,COFLRYB-0.35,180FW406994,CBL$463,,25,024,,648-53A,C88,50,,,,13,7195028702,4.0,,,7186066580,52 / X,NO,Single,,,,,E98B-A,J634,110,,70393210,,L,,,,,KS7478-0150,49 / D,,,,,,X,X,X,X,X,X
ALL,,Twisted Wire,118,W0346,1510,1485,BR/W,COFLRYB,0.35,COFLRYB-0.35,180FW406984,CBL$463,,25,024,,648-53A,C88,50,,,,3,7195028702,4.0,,,7186066580,52 / X,NO,Single,,,,,E98A-A,J633,110,,70393210,,L,,,,,KS7478-0150,48 / D,,,,,,X,X,X,X,X,X
ALL,,Twisted Wire,119,W0349,540,530,BR/W,COFLRYB,0.35,COFLRYB-0.35,180FW406984,CBL$467,,25,025,,226AA,C30,50,,,,7,7216778602,3.3,7158347440,,7287703830,38 / B,NO,Single,,,,,E98A-A,J633,110,,70393210,,R,,,,,KS7478-0150,48 / D,,,,,,X,X,X,X,X,X
ALL,,Single Wire,12,W0012,,2305,BR,COFLRYB,0.5,COFLRYB-0.5,180FW403980,,,,,,3265AA,C73,,,,,A2,7316809602,4.0,,,7171192330,72 / G,YES,Double,8,,,,946AB,C24,,,,,D2,7116441602,4.0,,,7287377230,30 / U,NO,Single,,,,X,X,X,X,X,X
ALL,,Twisted Wire,120,W0350,540,530,L/W,COFLRYB,0.35,COFLRYB-0.35,180FW406994,CBL$467,,25,025,,226AA,C30,50,,,,8,7216778602,3.3,7158347440,,7287703830,38 / B,NO,Single,,,,,E98B-A,J634,110,,70393210,,R,,,,,KS7478-0150,49 / D,,,,,,X,X,X,X,X,X
ALL,,Twisted Wire,121,W0361,2525,2485,L/W,COFLRYB,0.35,COFLRYB-0.35,180FW406994,CBL$4720,,25,007,,648-53A,C88,50,,,,1,7195028702,4.0,,,7186066580,52 / X,NO,Single,,,,,1713AA,C11,50,,,,1,7196146002,4.0,7158316660,,7298186530,13 / C,NO,Single,,,,X,X,X,X,X,X
ALL,,Twisted Wire,122,W0362,2525,2485,P/W,COFLRYB,0.35,COFLRYB-0.35,180FW406900,CBL$4720,,25,007,,648-53A,C88,50,,,,2,7195028702,4.0,,,7186066580,52 / X,NO,Single,,,,,1713AA,C11,50,,,,2,7196146002,4.0,7158316660,,7298186530,13 / C,NO,Single,,,,X,X,X,X,X,X
ALL,,Twisted Wire,123,W0342,1820,1790,G/W,COFLRYB,0.35,COFLRYB-0.35,180FW406964,CBL$4856,,25,010,,648-53A,C88,50,,,,19,7195028702,4.0,,,7186066580,52 / X,NO,Single,,,,,E35AL-E,J636,110,,70393210,,R,,,,,KS7478-0150,60 / B,,,,,,X,X,X,X,X,X
ALL,,Twisted Wire,124,W0341,1820,1790,BR/W,COFLRYB,0.35,COFLRYB-0.35,180FW406984,CBL$4856,,25,010,,648-53A,C88,50,,,,9,7195028702,4.0,,,7186066580,52 / X,NO,Single,,,,,E35AH-E,J635,110,,70393210,,R,,,,,KS7478-0150,59 / B,,,,,,X,X,X,X,X,X
ALL,,Twisted Wire,125,W0371,1885,1855,BR/W,COFLRYB,0.35,COFLRYB-0.35,180FW406984,CBL$4857,,25,012,,645AA,C64,50,,,,2,7196120602,3.25,,,7278059630,70 / W,NO,Single,,,,,E35AH-E,J635,110,,70393210,,R,,,,,KS7478-0150,59 / B,,,,,,X,X,X,X,X,X
ALL,,Twisted Wire,126,W0372,1885,1855,G/W,COFLRYB,0.35,COFLRYB-0.35,180FW406964,CBL$4857,,25,012,,645AA,C64,50,,,,3,7196120602,3.25,,,7278059630,70 / W,NO,Single,,,,,E35AL-E,J636,110,,70393210,,R,,,,,KS7478-0150,60 / B,,,,,,X,X,X,X,X,X
ALL,,Twisted Wire,127,W0379,2130,2085,GY,A3ZP,0.5,A3ZP-0.5,180CE503941,CBL$822,,25,016,,946AB,C24,50,,,,L3,7116441602,4.0,,,7287377230,30 / U,NO,Single,,,,,469-53A,C36,50,,,,4,7195152802,4.0,,,7297555740,44 / J,NO,Single,,,,X,X,X,X,X,X
ALL,,Twisted Wire,128,W0380,2130,2085,BR,A3ZP,0.5,A3ZP-0.5,180CE503980,CBL$822,,25,016,,946AB,C24,50,,,,L4,7116441602,4.0,,,7287377230,30 / U,NO,Single,,,,,469-53A,C36,50,,,,13,7195152802,4.0,,,7297555740,44 / J,NO,Single,,,,X,X,X,X,X,X
ALL,,Twisted Wire,129,W0364,1845,1815,P/W,COFLRYB,0.35,COFLRYB-0.35,180FW406900,CBL$603,,25,004,,1337AC,C76,50,,,,17,7196120602,3.25,,,7278179940,75 / M,NO,Single,,,,,E137H-B,J642,110,,4309U5030,,L,,,,,KS7478-0150,27 / P,,,,,,X,X,X,X,X,X
ALL,,Single Wire,13,W0013,,465,L/W,COFLRYB,0.35,COFLRYB-0.35,180FW406994,,,,,,444-53A,C42,,,,,11,7196120602,3.25,,,72782146,48 / U,NO,Single,,,,,647-53A,C55,,,,,8,7195028702,4.0,,,7186066590,59 / W,NO,Single,,,,X,X,X,X,X,X
ALL,,Twisted Wire,130,W0363,1845,1815,BR/W,COFLRYB,0.35,COFLRYB-0.35,180FW406984,CBL$603,,25,004,,1337AC,C76,50,,,,5,7196120602,3.25,,,7278179940,75 / M,NO,Single,,,,,E137G-B,J643,110,,70393210,,L,,,,,KS7478-0150,26 / P,,,,,,X,X,X,X,X,X
ALL,,Twisted Wire,131,W0347,895,875,BE,COFLRYB,0.5,COFLRYB-0.5,180FW40395U,CBL$8,,25,013,,648-53A,C88,50,,,,7,7195028702,4.0,,,7186066580,52 / X,NO,Single,,,,,946AA,C21,50,,,,A4,7116441602,4.0,,,7287375630,25 / T,NO,Single,,,,X,X,X,X,X,X
ALL,,Twisted Wire,132,W0348,895,875,BR,COFLRYB,0.5,COFLRYB-0.5,180FW403980,CBL$8,,25,013,,648-53A,C88,50,,,,8,7195028702,4.0,,,7186066580,52 / X,NO,Single,,,,,946AA,C21,50,,,,A3,7116441602,4.0,,,7287375630,25 / T,NO,Single,,,,X,X,X,X,X,X
PCT1 || PCT2,,Single Wire,133,W0101,,905,R,COFLRYB,0.5,COFLRYB-0.5,180FW403950,,,,,,107-53A,C57,,,,,2,7114725502,4.5,,,72860666,65 / V,YES,Double,538,,,,2494AB,C27,,,,,1,7196120602,3.25,,,7278197730,34 / Q,NO,Single,,,,X,X,X,X,X,X
HTSW0,,Single Wire,134,W0102,,1895,R/BR,COFLRYB,0.75,COFLRYB-0.75,180FW404058,,,,,,107-53A,C57,,,,,7,7114725402,4.5,,,72860666,65 / V,NO,Single,,,,,777AB,C82,,,,,A18,7116480202,4.0,,,7271295130,78 / C,NO,Single,,,,X,X,X,X,X,X
ALL,,Single Wire,135,W0103,,3135,BR,COFLRYB,0.5,COFLRYB-0.5,180FW403980,,,,,,1337AC,C76,,,,,15,7196120602,3.25,,,7278179940,75 / M,NO,Single,,,,,212AA,C6,,,,,2,7116593302,5.0,7158395790,,7289352140,7 / K,NO,Single,,,,X,X,X,X,X,X
ALL,,Single Wire,136,W0104,,1270,G,COFLRYB,0.5,COFLRYB-0.5,180FW403960,,,,,,1337AD,C80,,,,,6,7116704502,4.3,,,72878063,77 / N,NO,Single,,,,,226AA,C30,,,,,3,7216786602,3.6,7158347440,,7287703830,38 / B,NO,Single,,,,X,X,X,X,X,X
ALL,,Single Wire,137,W0105,,2760,W,COFLRYB,0.5,COFLRYB-0.5,180FW403940,,,,,,1337AD,C80,,,,,8,7116725202,4.3,,,72878063,77 / N,YES,Double,138,,,,537AA,C2,,,,,2,7196146102,4.0,7158316780,,7298227830,3 / E,NO,Single,,,,X,X,X,X,X,X
ALL,,Single Wire,138,W0106,,1710,W,COFLRYB,0.5,COFLRYB-0.5,180FW403940,,,,,,1337AD,C80,,,,,8,7116725202,4.3,,,72878063,77 / N,YES,Double,137,,,,538AA,C41,,,,,2,7196146102,4.0,7158316780,,7298227830,50 / B,NO,Single,,,,X,X,X,X,X,X
ALL,,Single Wire,139,W0107,,2330,L,COFLRYB,0.5,COFLRYB-0.5,180FW403990,,,,,,1337AE,C81,,,,,2,7116704502,4.3,,,7287882980,77 / P,NO,Single,,,,,227AA,C8,,,,,3,7216786602,3.6,7158347440,,7287703830,9 / B,NO,Single,,,,X,X,X,X,X,X
ALL,,Single Wire,14,W0014,,465,P/W,COFLRYB,0.35,COFLRYB-0.35,180FW406900,,,,,,444-53A,C42,,,,,12,7196120602,3.25,,,72782146,48 / U,NO,Single,,,,,647-53A,C55,,,,,18,7195028702,4.0,,,7186066590,59 / W,NO,Single,,,,X,X,X,X,X,X
ALL,,Single Wire,140,W0108,,1620,GY,COFLRYB,0.5,COFLRYB-0.5,180FW403941,,,,,,1337AE,C81,,,,,4,7116704502,4.3,,,7287882980,77 / P,NO,Single,,,,,438AA,C23,,,,,2,7196146102,4.0,7158316780,,7298186530,28 / E,NO,Single,,,,X,X,X,X,X,X
ALL,,Single Wire,141,W0109,,2340,G,COFLRYB,0.5,COFLRYB-0.5,180FW403960,,,,,,1337AF,C79,,,,,3,7116704502,4.3,,,7289773340,77 / L,NO,Single,,,,,3266AA,C4,,,,,A2,7116806802,3.5,,,7171192330,4 / H,NO,Single,,,,X,X,X,X,X,X
ALL,,Single Wire,142,W0110,,950,Y,COFLRYB,0.5,COFLRYB-0.5,180FW403970,,,,,,1337AG,C75,,,,,7,7116704502,4.3,,,72897732,75 / K,NO,Single,,,,,3264AA,C72,,,,,B3,7116997402,4.0,,,7171192330,73 / D,YES,Double,192,,,X,X,X,X,X,X
ALL,,Single Wire,143,W0111,,1860,R,COFLRYB,0.5,COFLRYB-0.5,180FW403950,,,,,,160AA,C1,,,,,4,7196120602,3.25,,,7278121240,3 / R,NO,Single,,,,,260AA,C52,,,,,7,7116704502,4.3,,,72899966,56 / S,NO,Single,,,,X,X,X,X,X,X
ALL,,Single Wire,145,W0113,,745,P/BR,COFLRYB,1.5,COFLRYB-1.5,180FW4065A5,,,,,,226AA,C30,,,,,4,7296009902,3.3,7172536890,,7287703830,38 / B,NO,Single,,,,,E64AA-A,J610,,,70393210,,R,,,,,KS7478-0150,69 / B,,,,,,X,X,X,X,X,X
ALL,,Single Wire,146,W0114,,1835,GY/BR,COFLRYB,1.5,COFLRYB-1.5,180FW4065K5,,,,,,227AA,C8,,,,,4,7296009902,3.3,7172536890,,7287703830,9 / B,NO,Single,,,,,E64W-A,J611,,,70393210,,R,,,,,KS7478-0150,70 / B,,,,,,X,X,X,X,X,X
CHGS0,,Single Wire,147,W0115,,1425,B,COFLRYB,0.5,COFLRYB-0.5,180FW403930,,,,,,3178AA,C14,,,,,10,7196146102,4.0,7158316780,,7298250930,14 / M,NO,Single,,,,,ENU-C,J632,,,70393211,,R,,,,,KS7478-0150,63 / P,,,,,,,,X,X,X,
CHGS0,,Single Wire,148,W0116,,2710,W,COFLRYB,0.5,COFLRYB-0.5,180FW403940,,,,,,3178AA,C14,,,,,11,7196146102,4.0,7158316780,,7298250930,14 / M,NO,Single,,,,,946AB,C24,,,,,J1,7116441602,4.0,,,7287377230,30 / U,YES,Single,,,,,,X,X,X,
CHGS0,,Single Wire,149,W0117,,2695,BR,COFLRYB,0.5,COFLRYB-0.5,180FW403980,,,,,,3178AA,C14,,,,,5,7196146102,4.0,7158316780,,7298250930,14 / M,NO,Single,,,,,946AB,C24,,,,,O4,7116441602,4.0,,,7287377230,30 / U,YES,Single,,,,,,X,X,X,
ALL,,Single Wire,150,W0118,,1785,DL,COFLRYB,0.5,COFLRYB-0.5,180FW4039K9,,,,,,3264AA,C72,,,,,B2,7116806802,3.5,,,7171192330,73 / D,NO,Single,,,,,645AA,C64,,,,,21,7196120602,3.25,,,7278059630,70 / W,NO,Single,,,,X,X,X,X,X,X
ALL,,Single Wire,151,W0119,,3715,BE,COFLRYB,0.5,COFLRYB-0.5,180FW40395U,,,,,,3267AA,C5,,,,,A2,7116806802,3.5,,,7171192330,4 / L,NO,Single,,,,,946AC,C29,,,,,B3,7116441602,4.0,,,7287377340,38 / U,NO,Single,,,,X,X,X,X,X,X
ALL,,Single Wire,152,W0120,,925,B,COFLRYB,0.5,COFLRYB-0.5,180FW403930,,,,,,419AA,C35,,,,,18,7196120602,3.25,,,7278214730,44 / S,NO,Single,,,,,ENU-C,J632,,,70393211,,L,,,,,KS7478-0150,63 / P,,,,,,X,X,X,X,X,X
ALL,,Single Wire,153,W0121,,1635,R,COFLRYB,0.5,COFLRYB-0.5,180FW403950,,,,,,419AA,C35,,,,,20,7196120602,3.25,,,7278214730,44 / S,NO,Single,,,,,EBRV4-A,J637,,,70393211,,R,,,,,KS7478-0150,67 / D,,,,,,X,X,X,X,X,X
ALL,,Single Wire,154,W0122,,430,B,COFLRYB,0.5,COFLRYB-0.5,180FW403930,,,,,,438AA,C23,,,,,1,7196146102,4.0,7158316780,,7298186530,28 / E,NO,Single,,,,,ENT-B,J630,,,70393211,,L,,,,,KS7478-0150,31 / A,,,,,,X,X,X,X,X,X
ALL,,Single Wire,155,W0123,,945,BE,COFLRYB,0.5,COFLRYB-0.5,180FW40395U,,,,,,444-53A,C42,,,,,23,7196120602,3.25,,,72782146,48 / U,NO,Single,,,,,E38ID-A,J604,,,70393210,,R,,,,,KS7478-0150,65 / N,,,,,,X,X,X,X,X,X
ALL,,Single Wire,156,W0124,,1410,P,COFLRYB,0.5,COFLRYB-0.5,180FW403952,,,,,,444-53A,C42,,,,,24,7196120602,3.25,,,72782146,48 / U,NO,Single,,,,,E38IE-A,J605,,,4309U5030,,R,,,,,KS7478-0150,3 / S,,,,,,X,X,X,X,X,X
ALL,,Single Wire,157,W0125,,1065,B,A3ZP,1.0,A3ZP-1.0,180CE506030,,,,,,468-53A,C32,,,,,10,7114486602,4.5,7158395790,,7282295830,42 / K,NO,Single,,,,,EMAS-B,J623,,,70393211,,R,,,,,KS7478-0150,42 / D,,,,,,X,X,X,X,X,X
ALL,,Single Wire,159,W0127,,1230,R,A3ZP,0.5,A3ZP-0.5,180CE503950,,,,,,469-53A,C36,,,,,12,7195152802,4.0,,,7297555740,44 / J,NO,Single,,,,,EBP1X-A,J616,,,70393211,,R,,,,,KS7478-0150,34 / E,,,,,,X,X,X,X,X,X
ALL,,Single Wire,16,W0015,,465,GY/W,COFLRYB,0.35,COFLRYB-0.35,180FW4069H7,,,,,,444-53A,C42,,,,,18,7196120602,3.25,,,72782146,48 / U,NO,Single,,,,,647-53A,C55,,,,,4,7195028702,4.0,,,7186066590,59 / W,NO,Single,,,,X,X,X,X,X,X
ALL,,Single Wire,160,W0128,,1465,B,A3ZP,0.5,A3ZP-0.5,180CE503930,,,,,,469-53A,C36,,,,,15,7195152802,4.0,,,7297555740,44 / J,NO,Single,,,,,EMAT-D,J627,,,70393210,,R,,,,,KS7478-0150,27 / F,,,,,,X,X,X,X,X,X
ALL,,Single Wire,161,W0129,,2040,W,A3ZP,0.5,A3ZP-0.5,180CE503940,,,,,,469-53A,C36,,,,,16,7195152802,4.0,,,7297555740,44 / J,NO,Single,,,,,946AC,C29,,,,,M3,7116441602,4.0,,,7287377340,38 / U,NO,Single,,,,X,X,X,X,X,X
ALL,,Single Wire,162,W0130,,1230,R,A3ZP,0.5,A3ZP-0.5,180CE503950,,,,,,469-53A,C36,,,,,2,7195152802,4.0,,,7297555740,44 / J,NO,Single,,,,,EBP1X-A,J616,,,70393211,,R,,,,,KS7478-0150,34 / E,,,,,,X,X,X,X,X,X
ALL,,Single Wire,163,W0131,,645,Y,A3ZP,0.5,A3ZP-0.5,180CE503970,,,,,,469-53A,C36,,,,,3,7195152802,4.0,,,7297555740,44 / J,NO,Single,,,,,1337AG,C75,,,,,6,7116704502,4.3,,,72897732,75 / K,NO,Single,,,,X,X,X,X,X,X
ALL,,Single Wire,164,W0132,,1465,B,A3ZP,0.5,A3ZP-0.5,180CE503930,,,,,,469-53A,C36,,,,,7,7195152802,4.0,,,7297555740,44 / J,NO,Single,,,,,EMAT-D,J627,,,70393210,,R,,,,,KS7478-0150,27 / F,,,,,,X,X,X,X,X,X
ALL,,Single Wire,165,W0133,,2065,P,A3ZP,0.5,A3ZP-0.5,180CE503952,,,,,,469-53A,C36,,,,,8,7195152802,4.0,,,7297555740,44 / J,NO,Single,,,,,946AC,C29,,,,,D1,7116441602,4.0,,,7287377340,38 / U,NO,Single,,,,X,X,X,X,X,X
ALL,,Single Wire,166,W0134,,1240,B,A3ZP,0.5,A3ZP-0.5,180CE503930,,,,,,470-53A,C34,,,,,7,7195152802,4.0,,,7297555640,44 / L,NO,Single,,,,,ENT-B,J630,,,70393211,,R,,,,,KS7478-0150,31 / A,,,,,,X,X,X,X,X,X
ALL,,Single Wire,168,W0136,,3125,L,COFLRYB,0.5,COFLRYB-0.5,180FW403990,,,,,,648-53A,C88,,,,,14,7195028702,4.0,,,7186066580,52 / X,NO,Single,,,,,763-53A,C16,,,,,3,7195146402,5.6,7158316780,,7297228730,16 / J,NO,Single,,,,X,X,X,X,X,X
ALL,,Single Wire,169,W0137,,1750,P,COFLRYB,0.5,COFLRYB-0.5,180FW403952,,,,,,646-53A,C56,,,,,16,7195028702,4.0,,,7186066560,61 / V,NO,Single,,,,,3264AA,C72,,,,,B5,7116997402,4.0,,,7171192330,73 / D,YES,Double,174,,,X,X,X,X,X,X
ALL,,Single Wire,17,W0016,,465,G/W,COFLRYB,0.35,COFLRYB-0.35,180FW406964,,,,,,444-53A,C42,,,,,19,7196120602,3.25,,,72782146,48 / U,NO,Single,,,,,647-53A,C55,,,,,6,7195028702,4.0,,,7186066590,59 / W,NO,Single,,,,X,X,X,X,X,X
LHDG,,Single Wire,170,W0138,,1035,L,COFLRYB,0.5,COFLRYB-0.5,180FW403990,,,,,,647-53A,C55,,,,,19,7195028702,4.0,,,7186066590,59 / W,NO,Single,,,,,E38DO-A,J601,,,70393210,,R,,,,,KS7478-0150,68 / N,,,,,,X,X,X,X,X,X
ALL,,Single Wire,171,W0139,,1340,B,COFLRYB,0.5,COFLRYB-0.5,180FW403930,,,,,,ENT-B,J630,,,70393211,,R,,,,,KS7478-0150,31 / A,,,,,,,763-53A,C16,,,,,4,7195146402,5.6,7158316780,,7297228730,16 / J,NO,Single,,,,X,X,X,X,X,X
ALL,,Single Wire,172,W0140,,1310,G/W,COFLRYB,0.35,COFLRYB-0.35,180FW406964,,,,,,660-53A,C65,,,,,19,7116704502,4.3,,,71546533,70 / Q,NO,Single,,,,,1337AC,C76,,,,,8,7196120602,3.25,,,7278179940,75 / M,NO,Single,,,,X,X,X,X,X,X
ALL,,Single Wire,174,W0141,,1685,P,COFLRYB,0.5,COFLRYB-0.5,180FW403952,,,,,,661-53A,C68,,,,,19,7196029002,4.0,,,71870905,71 / Q,NO,Single,,,,,3264AA,C72,,,,,B5,7116997402,4.0,,,7171192330,73 / D,YES,Double,169,,,X,X,X,X,X,X
7DLS,,Single Wire,175,W0142,,1480,Y,COFLRYB,0.5,COFLRYB-0.5,180FW403970,,,,,,661-53A,C68,,,,,2,7196029002,4.0,,,71870905,71 / Q,NO,Single,,,,,EAP15-A,J614,,,4309U5030,,R,,,,,KS7478-0150,7 / S,,,,,,,X,X,,,
ALL,,Single Wire,176,W0143,,1360,G,COFLRYB,0.5,COFLRYB-0.5,180FW403960,,,,,,661-53A,C68,,,,,8,7196029002,4.0,,,71870905,71 / Q,NO,Single,,,,,1337AC,C76,,,,,3,7196120602,3.25,,,7278179940,75 / M,NO,Single,,,,X,X,X,X,X,X
ALL,,Single Wire,177,W0144,,1330,L,COFLRYB,0.5,COFLRYB-0.5,180FW403990,,,,,,661-53A,C68,,,,,9,7196029002,4.0,,,71870905,71 / Q,NO,Single,,,,,1337AF,C79,,,,,15,7116704502,4.3,,,7289773340,77 / L,NO,Single,,,,X,X,X,X,X,X
ALL,,Single Wire,178,W0145,,1340,L/W,COFLRYB,0.35,COFLRYB-0.35,180FW406994,,,,,,663-53A,C69,,,,,19,7196029002,4.0,,,7187090590,71 / U,NO,Single,,,,,1337AC,C76,,,,,7,7196120602,3.25,,,7278179940,75 / M,NO,Single,,,,X,X,X,X,X,X
ALL,,Single Wire,179,W0146,,930,BE,COFLRYB,0.5,COFLRYB-0.5,180FW40395U,,,,,,663-53A,C69,,,,,1,7196029002,4.0,,,7187090590,71 / U,NO,Single,,,,,E38ID-A,J604,,,70393210,,L,,,,,KS7478-0150,65 / N,,,,,,X,X,X,X,X,X
ALL,,Single Wire,18,W0017,,465,BE/W,COFLRYB,0.35,COFLRYB-0.35,180FW4069DH,,,,,,444-53A,C42,,,,,20,7196120602,3.25,,,72782146,48 / U,NO,Single,,,,,647-53A,C55,,,,,5,7195028702,4.0,,,7186066590,59 / W,NO,Single,,,,X,X,X,X,X,X
7DLS,,Single Wire,180,W0147,,1190,R,COFLRYB,0.5,COFLRYB-0.5,180FW403950,,,,,,2287AA,C86,,,,,3,7296129602,3.7,7158303870,,7289909030,22 / K,YES,Single,,,,,777AB,C82,,,,,A17,7116480202,4.0,,,7271295130,78 / C,YES,Single,,,,,X,X,,,
ALL,,Single Wire,181,W0148,,1510,W,A3ZP,0.5,A3ZP-0.5,180CE503940,,,,,,714-53A,C44,,,,,10,7116714502,5.0,,,7298525930,54 / B,NO,Single,,,,,1337AD,C80,,,,,2,7116704502,4.3,,,72878063,77 / N,NO,Single,,,,X,X,X,X,X,X
ALL,,Single Wire,182,W0149,,1525,G,A3ZP,0.5,A3ZP-0.5,180CE503960,,,,,,714-53A,C44,,,,,11,7116714502,5.0,,,7298525930,54 / B,NO,Single,,,,,1337AE,C81,,,,,1,7116704502,4.3,,,7287882980,77 / P,NO,Single,,,,X,X,X,X,X,X
ALL,,Single Wire,183,W0150,,1510,P,A3ZP,0.5,A3ZP-0.5,180CE503952,,,,,,714-53A,C44,,,,,2,7116714502,5.0,,,7298525930,54 / B,NO,Single,,,,,1337AD,C80,,,,,5,7116704502,4.3,,,72878063,77 / N,NO,Single,,,,X,X,X,X,X,X
ALL,,Single Wire,184,W0151,,1525,BR,A3ZP,0.5,A3ZP-0.5,180CE503980,,,,,,714-53A,C44,,,,,3,7116714502,5.0,,,7298525930,54 / B,NO,Single,,,,,1337AE,C81,,,,,8,7116704502,4.3,,,7287882980,77 / P,NO,Single,,,,X,X,X,X,X,X
(PCT2&&CHGS0) || (PCT1&&CHGS0),,Single Wire,185,W0152,,885,BE,COFLRYB,0.5,COFLRYB-0.5,180FW40395U,,,,,,730-53A,C18,,,,,1,7196146102,4.0,7158316780,,7298228210,22 / P,NO,Single,,,,,3178AA,C14,,,,,4,7196146102,4.0,7158316780,,7298250930,14 / M,NO,Single,,,,,,X,X,X,
(PCT2&&CHGS0) || (PCT1&&CHGS0),,Single Wire,186,W0153,,885,DL,COFLRYB,0.5,COFLRYB-0.5,180FW4039K9,,,,,,730-53A,C18,,,,,2,7196146102,4.0,7158316780,,7298228210,22 / P,NO,Single,,,,,3178AA,C14,,,,,9,7196146102,4.0,7158316780,,7298250930,14 / M,NO,Single,,,,,,X,X,X,
ALL,,Single Wire,187,W0154,,1685,B,COFLRYB,0.5,COFLRYB-0.5,180FW403930,,,,,,938AA,C12,,,,,12,7116441602,4.0,7158316780,,7298170230,13 / U,NO,Single,,,,,ENU-C,J632,,,70393211,,L,,,,,KS7478-0150,63 / P,,,,,,X,X,X,X,X,X
ALL,,Single Wire,189,W0155,,2345,Y,COFLRYB,0.5,COFLRYB-0.5,180FW403970,,,,,,1337AC,C76,,,,,1,7196120602,3.25,,,7278179940,75 / M,NO,Single,,,,,EAP15-A,J614,,,4309U5030,,R,,,,,KS7478-0150,7 / S,,,,,,X,X,X,X,X,X
ALL,,Single Wire,190,W0156,,1065,BR,COFLRYB,0.5,COFLRYB-0.5,180FW403980,,,,,,160AA,C1,,,,,2,7196120602,3.25,,,7278121240,3 / R,NO,Single,,,,,E5A-A,J609,,,4309U5030,,L,,,,,KS7478-0150,30 / P,,,,,,X,X,X,X,X,X
ALL,,Single Wire,192,W0157,,270,Y,COFLRYB,0.5,COFLRYB-0.5,180FW403970,,,,,,3264AA,C72,,,,,B1,7116806802,3.5,,,7171192330,73 / D,NO,Single,,,,,3264AA,C72,,,,,B3,7116997402,4.0,,,7171192330,73 / D,YES,Double,142,,,X,X,X,X,X,X
ALL,,Single Wire,193,W0158,,270,Y,COFLRYB,0.5,COFLRYB-0.5,180FW403970,,,,,,3266AA,C4,,,,,A1,7116806802,3.5,,,7171192330,4 / H,NO,Single,,,,,3266AA,C4,,,,,A5,7116823402,5.0,,,7171192330,4 / H,YES,Double,212,,,X,X,X,X,X,X
ALL,,Single Wire,194,W0159,,1145,BE,COFLRYB,0.5,COFLRYB-0.5,180FW40395U,,,,,,419AB,C38,,,,,21,7196120602,3.25,,,7278214840,46 / T,NO,Single,,,,,E38ID-A,J604,,,70393210,,R,,,,,KS7478-0150,65 / N,,,,,,X,X,X,X,X,X
ALL,,Single Wire,195,W0160,,540,BR,COFLRYB,0.5,COFLRYB-0.5,180FW403980,,,,,,419AB,C38,,,,,26,7196120602,3.25,,,7278214840,46 / T,NO,Single,,,,,E38EW-A,J602,,,4309U5030,,R,,,,,KS7478-0150,64 / V,,,,,,X,X,X,X,X,X
ALL,,Single Wire,196,W0161,,1250,P,COFLRYB,0.5,COFLRYB-0.5,180FW403952,,,,,,419AB,C38,,,,,27,7196120602,3.25,,,7278214840,46 / T,NO,Single,,,,,E38IE-A,J605,,,4309U5030,,R,,,,,KS7478-0150,3 / S,,,,,,X,X,X,X,X,X
LHDG,,Single Wire,197,W0162,,1080,L,COFLRYB,0.5,COFLRYB-0.5,180FW403990,,,,,,444-53A,C42,,,,,13,7196120602,3.25,,,72782146,48 / U,NO,Single,,,,,E38DO-A,J601,,,70393210,,R,,,,,KS7478-0150,68 / N,,,,,,X,X,X,X,X,X
ALL,,Single Wire,198,W0163,,1480,B,COFLRYB,1.0,COFLRYB-1.0,180FW406030,,,,,,946AA,C21,,,,,G4,7116520802,4.5,7172505640,,7287375630,25 / T,NO,Single,,,,,ENU-B,J631,,,70393212,,L,,,,,KS7478-0150,64 / L,,,,,,X,X,X,X,X,X
ALL,,Single Wire,199,W0164,,1480,B,COFLRYB,1.0,COFLRYB-1.0,180FW406030,,,,,,946AA,C21,,,,,H1,7116520802,4.5,7172505640,,7287375630,25 / T,NO,Single,,,,,ENU-B,J631,,,70393212,,L,,,,,KS7478-0150,64 / L,,,,,,X,X,X,X,X,X
ALL,,Single Wire,2,W0002,,730,GY,COFLRYB,0.5,COFLRYB-0.5,180FW403941,,,,,,1053AA,C87,,,,,2,7216658106,4.0,,,7287532330,45 / F,NO,Single,,,,,E3AMV-A,J608,,,70393210,,R,,,,,KS7478-0150,36 / E,,,,,,X,X,X,X,X,X
CHGS0,,Twisted Wire,202,W0340,2695,2640,L,COFLRYB,0.5,COFLRYB-0.5,180FW403990,CBL$1736,,25,006,,3178AA,C14,50,,,,2,7196146102,4.0,7158316780,,7298250930,14 / M,NO,Single,,,,,946AA,C21,50,,,,E2,7116441602,4.0,,,7287375630,25 / T,YES,Single,,,,,,X,X,X,
CHGS0,,Twisted Wire,203,W0339,2695,2640,W,COFLRYB,0.5,COFLRYB-0.5,180FW403940,CBL$1736,,25,006,,3178AA,C14,50,,,,3,7196146102,4.0,7158316780,,7298250930,14 / M,NO,Single,,,,,946AA,C21,50,,,,E1,7116441602,4.0,,,7287375630,25 / T,YES,Single,,,,,,X,X,X,
(PCT2&&CHGS0) || (PCT1&&CHGS0),,Twisted Wire,206,W0366,895,875,P,COFLRYB,0.5,COFLRYB-0.5,180FW403952,CBL$1,,25,008,,730-53A,C18,50,,,,3,7196146102,4.0,7158316780,,7298228210,22 / P,NO,Single,,,,,3178AA,C14,50,,,,7,7196146102,4.0,7158316780,,7298250930,14 / M,NO,Single,,,,,,X,X,X,
(PCT2&&CHGS0) || (PCT1&&CHGS0),,Twisted Wire,207,W0365,895,875,G,COFLRYB,0.5,COFLRYB-0.5,180FW403960,CBL$1,,25,008,,730-53A,C18,50,,,,4,7196146102,4.0,7158316780,,7298228210,22 / P,NO,Single,,,,,3178AA,C14,50,,,,8,7196146102,4.0,7158316780,,7298250930,14 / M,NO,Single,,,,,,X,X,X,
ALL,,Twisted Wire,208,W0353,1595,1560,BE,COFLRYB,0.5,COFLRYB-0.5,180FW40395U,CBL$461,,25,023,,661-53A,C68,50,,,,16,7196029002,4.0,,,71870905,71 / Q,NO,Single,,,,,938AA,C12,50,,,,33,7116448808,4.0,7158316780,,7298170230,13 / U,NO,Single,,,,X,X,X,X,X,X
ALL,,Twisted Wire,209,W0354,1595,1560,P,COFLRYB,0.5,COFLRYB-0.5,180FW403952,CBL$461,,25,023,,661-53A,C68,50,,,,6,7196029002,4.0,,,71870905,71 / Q,NO,Single,,,,,938AA,C12,50,,,,8,7116448808,4.0,7158316780,,7298170230,13 / U,NO,Single,,,,X,X,X,X,X,X
ALL,,Single Wire,210,W0166,,560,R/BR,COFLRYB,0.75,COFLRYB-0.75,180FW404058,,,,,,1053AA,C87,,,,,1,7216588406,4.0,,,7287532330,45 / F,NO,Single,,,,,EBRV3-A,J620,,,70393210,,L,,,,,KS7478-0150,36 / D,,,,,,X,X,X,X,X,X
ALL,,Single Wire,211,W0167,,325,B/BR,COFLRYB,0.75,COFLRYB-0.75,180FW404038,,,,,,1053AA,C87,,,,,3,7216588406,4.0,,,7287532330,45 / F,NO,Single,,,,,EMAS-B,J623,,,70393211,,L,,,,,KS7478-0150,42 / D,,,,,,X,X,X,X,X,X
ALL,,Single Wire,212,W0168,,2295,Y/BR,COFLRYB,0.75,COFLRYB-0.75,180FW404078,,,,,,1337AB,C74,,,,,3,7116412002,5.0,,,7283374160,74 / J,NO,Single,,,,,3266AA,C4,,,,,A5,7116823402,5.0,,,7171192330,4 / H,YES,Double,193,,,X,X,X,X,X,X
ALL,,Single Wire,213,W0169,,2315,P/BR,COFLRYB,0.75,COFLRYB-0.75,180FW4040A5,,,,,,1337AD,C80,,,,,3,7116725102,4.3,,,72878063,77 / N,NO,Single,,,,,227AA,C8,,,,,6,7216786602,3.6,7158347440,,7287703830,9 / B,NO,Single,,,,X,X,X,X,X,X
ALL,,Single Wire,214,W0170,,1285,W/BR,COFLRYB,0.75,COFLRYB-0.75,180FW404048,,,,,,1337AE,C81,,,,,6,7116725102,4.3,,,7287882980,77 / P,NO,Single,,,,,226AA,C30,,,,,6,7216786602,3.6,7158347440,,7287703830,38 / B,NO,Single,,,,X,X,X,X,X,X
ALL,,Single Wire,215,W0171,,660,B/BR,COFLRYB,0.75,COFLRYB-0.75,180FW404038,,,,,,226AA,C30,,,,,9,7216786602,3.6,7158347440,,7287703830,38 / B,NO,Single,,,,,EMAT-H,J628,,,70393211,,R,,,,,KS7478-0150,64 / C,,,,,,X,X,X,X,X,X
ALL,,Single Wire,216,W0172,,1645,B,COFLRYB,1.0,COFLRYB-1.0,180FW406030,,,,,,3266AA,C4,,,,,A4,7316809602,4.0,,,7171192330,4 / H,NO,Single,,,,,EMAT-A,J625,,,70393211,,R,,,,,KS7478-0150,23 / D,,,,,,X,X,X,X,X,X
ALL,,Single Wire,217,W0173,,2150,GY/BR,COFLRYB,0.75,COFLRYB-0.75,180FW4040K5,,,,,,3267AA,C5,,,,,B1,7316809602,4.0,,,7171192330,4 / L,NO,Single,,,,,777AB,C82,,,,,A9,7116480202,4.0,,,7271295130,78 / C,NO,Single,,,,X,X,X,X,X,X
ALL,,Single Wire,218,W0174,,3715,W,COFLRYB,0.5,COFLRYB-0.5,180FW403940,,,,,,3267AA,C5,,,,,B2,7116806802,3.5,,,7171192330,4 / L,NO,Single,,,,,946AC,C29,,,,,A1,7116441602,4.0,,,7287377340,38 / U,NO,Single,,,,X,X,X,X,X,X
ALL,,Single Wire,219,W0175,,1945,R,COFLRYB,0.5,COFLRYB-0.5,180FW403950,,,,,,444-53A,C42,,,,,21,7196120602,3.25,,,72782146,48 / U,NO,Single,,,,,EBRV4-B,J621,,,70393211,,R,,,,,KS7478-0150,43 / B,,,,,,X,X,X,X,X,X
ALL,,Single Wire,220,W0176,,1065,B/BR,A3ZP,0.75,A3ZP-0.75,180CE504038,,,,,,468-53A,C32,,,,,11,7114486602,4.5,7158395790,,7282295830,42 / K,NO,Single,,,,,EMAS-B,J623,,,70393211,,R,,,,,KS7478-0150,42 / D,,,,,,X,X,X,X,X,X
ALL,,Single Wire,221,W0177,,1455,B/BR,A3ZP,0.75,A3ZP-0.75,180CE504038,,,,,,468-53A,C32,,,,,12,7114404002,6.0,7158329380,,7282295830,42 / K,NO,Single,,,,,EMAT-D,J627,,,70393210,,R,,,,,KS7478-0150,27 / F,,,,,,X,X,X,X,X,X
ALL,,Single Wire,222,W0178,,1145,R/BR,A3ZP,0.75,A3ZP-0.75,180CE504058,,,,,,468-53A,C32,,,,,3,7114486602,4.5,7158395790,,7282295830,42 / K,NO,Single,,,,,777AB,C82,,,,,A20,7116480202,4.0,,,7271295130,78 / C,NO,Single,,,,X,X,X,X,X,X
ALL,,Single Wire,223,W0179,,1065,B/BR,A3ZP,0.75,A3ZP-0.75,180CE504038,,,,,,468-53A,C32,,,,,5,7114486602,4.5,7158395790,,7282295830,42 / K,NO,Single,,,,,EMAS-B,J623,,,70393211,,R,,,,,KS7478-0150,42 / D,,,,,,X,X,X,X,X,X
ALL,,Single Wire,224,W0180,,1080,R/BR,A3ZP,0.75,A3ZP-0.75,180CE504058,,,,,,468-53A,C32,,,,,7,7114486602,4.5,7158395790,,7282295830,42 / K,NO,Single,,,,,EBRV3-A,J620,,,70393210,,L,,,,,KS7478-0150,36 / D,,,,,,X,X,X,X,X,X
ALL,,Single Wire,225,W0181,,1210,R,A3ZP,0.5,A3ZP-0.5,180CE503950,,,,,,470-53A,C34,,,,,9,7195152802,4.0,,,7297555640,44 / L,NO,Single,,,,,EBRV4-B,J621,,,70393211,,R,,,,,KS7478-0150,43 / B,,,,,,X,X,X,X,X,X
ALL,,Single Wire,226,W0182,,1060,Y/BR,COFLRYB,0.75,COFLRYB-0.75,180FW404078,,,,,,537AA,C2,,,,,1,7196146202,4.0,7158316880,,7298227830,3 / E,NO,Single,,,,,EAP11-A,J613,,,70393210,,L,,,,,KS7478-0150,19 / F,,,,,,X,X,X,X,X,X
ALL,,Single Wire,227,W0183,,2040,L/BR,COFLRYB,0.75,COFLRYB-0.75,180FW404098,,,,,,537AA,C2,,,,,3,7196146202,4.0,7158316880,,7298227830,3 / E,NO,Single,,,,,E103J-A,J600,,,70393210,,L,,,,,KS7478-0150,36 / H,,,,,,X,X,X,X,X,X
ALL,,Single Wire,228,W0184,,1700,Y/BR,COFLRYB,0.75,COFLRYB-0.75,180FW404078,,,,,,538AA,C41,,,,,1,7196146202,4.0,7158316880,,7298227830,50 / B,NO,Single,,,,,EAP11-A,J613,,,70393210,,L,,,,,KS7478-0150,19 / F,,,,,,X,X,X,X,X,X
ALL,,Single Wire,229,W0185,,1145,L/BR,COFLRYB,0.75,COFLRYB-0.75,180FW404098,,,,,,538AA,C41,,,,,3,7196146202,4.0,7158316880,,7298227830,50 / B,NO,Single,,,,,E103J-A,J600,,,70393210,,L,,,,,KS7478-0150,36 / H,,,,,,X,X,X,X,X,X
ALL,,Single Wire,23,W0022,,465,BE/W,COFLRYB,0.35,COFLRYB-0.35,180FW4069DH,,,,,,444-53A,C42,,,,,31,7196120602,3.25,,,72782146,48 / U,NO,Single,,,,,647-53A,C55,,,,,9,7195028702,4.0,,,7186066590,59 / W,NO,Single,,,,X,X,X,X,X,X
ALL,,Single Wire,230,W0186,,1730,R/BR,COFLRYB,0.75,COFLRYB-0.75,180FW404058,,,,,,660-53A,C65,,,,,8,7116725102,4.3,,,71546533,70 / Q,NO,Single,,,,,EBRV3-A,J620,,,70393210,,L,,,,,KS7478-0150,36 / D,,,,,,X,X,X,X,X,X
ALL,,Single Wire,232,W0188,,1285,BE/P,COFLRYB,2.5,COFLRYB-2.5,180FW4070L8,,,,,,660-53A,C65,,,,,11,7116704602,4.3,,,71546533,70 / Q,NO,Single,,,,,1337AF,C79,,,,,2,7116704602,4.3,,,7289773340,77 / L,NO,Single,,,,X,X,X,X,X,X
7DLS,,Single Wire,234,W0190,,1650,R/W,COFLRYB,0.35,COFLRYB-0.35,180FW406954,,,,,,663-53A,C69,,,,,20,7196029002,4.0,,,7187090590,71 / U,YES,Single,,,,,777AB,C82,,,,,A1,7116480202,4.0,,,7271295130,78 / C,NO,Single,,,,,X,X,,,
ALL,,Single Wire,235,W0191,,1025,R/BR,A3ZP,0.75,A3ZP-0.75,180CE504058,,,,,,714-53A,C44,,,,,1,7116390502,5.0,,,7298525930,54 / B,NO,Single,,,,,EBRV4-A,J637,,,70393211,,R,,,,,KS7478-0150,67 / D,,,,,,X,X,X,X,X,X
ALL,,Single Wire,236,W0192,,2280,R/BR,A3ZP,0.75,A3ZP-0.75,180CE504058,,,,,,714-53A,C44,,,,,4,7116390502,5.0,,,7298525930,54 / B,NO,Single,,,,,260AA,C52,,,,,3,7116725102,4.3,,,72899966,56 / S,NO,Single,,,,X,X,X,X,X,X
ALL,,Single Wire,237,W0193,,985,R/BR,COFLRYB,0.75,COFLRYB-0.75,180FW404058,,,,,,743-53A,C28,,,,,1,7196146202,4.0,7158316880,,7298228210,36 / L,NO,Single,,,,,EBRV4-B,J621,,,70393211,,L,,,,,KS7478-0150,43 / B,,,,,,X,X,X,X,X,X
ALL,,Single Wire,238,W0194,,775,B/BR,COFLRYB,0.75,COFLRYB-0.75,180FW404038,,,,,,743-53A,C28,,,,,3,7196146202,4.0,7158316880,,7298228210,36 / L,NO,Single,,,,,ENT-B,J630,,,70393211,,R,,,,,KS7478-0150,31 / A,,,,,,X,X,X,X,X,X
ALL,,Single Wire,239,W0195,,525,L/BR,COFLRYB,0.75,COFLRYB-0.75,180FW404098,,,,,,763-53A,C16,,,,,1,7195146502,5.6,7158316880,,7297228730,16 / J,NO,Single,,,,,3266AA,C4,,,,,A3,7116997402,4.0,,,7171192330,4 / H,NO,Single,,,,X,X,X,X,X,X
ALL,,Single Wire,24,W0023,,1395,GY/W,COFLRYB,0.35,COFLRYB-0.35,180FW4069H7,,,,,,444-53A,C42,,,,,3,7196120602,3.25,,,72782146,48 / U,NO,Single,,,,,E38RB-A,J606,,,4309U5030,,R,,,,,KS7478-0150,7 / Q,,,,,,X,X,X,X,X,X
ALL,,Single Wire,240,W0196,,1585,B/BR,COFLRYB,0.75,COFLRYB-0.75,180FW404038,,,,,,763-53A,C16,,,,,2,7195146502,5.6,7158316880,,7297228730,16 / J,NO,Single,,,,,EMAS-B,J623,,,70393211,,R,,,,,KS7478-0150,42 / D,,,,,,X,X,X,X,X,X
ALL,,Single Wire,241,W0197,,2385,R/BR,COFLRYB,0.75,COFLRYB-0.75,180FW404058,,,,,,777AB,C82,,,,,A16,7116480202,4.0,,,7271295130,78 / C,NO,Single,,,,,946AC,C29,,,,,Q2,7116528702,5.0,7172505640,,7287377340,38 / U,NO,Single,,,,X,X,X,X,X,X
ALL,,Single Wire,244,W0200,,350,B/BR,COFLRYB,0.75,COFLRYB-0.75,180FW404038,,,,,,227AA,C8,,,,,9,7216786602,3.6,7158347440,,7287703830,9 / B,NO,Single,,,,,EMAS-E,J624,,,70393210,,L,,,,,KS7478-0150,16 / F,,,,,,X,X,X,X,X,X
ALL,,Single Wire,245,W0201,,270,R/BR,COFLRYB,0.75,COFLRYB-0.75,180FW404058,,,,,,3264AA,C72,,,,,A1,7316809602,4.0,,,7171192330,73 / D,NO,Single,,,,,3264AA,C72,,,,,A3,7116823402,5.0,,,7171192330,73 / D,YES,Double,283,,,X,X,X,X,X,X
ALL,,Single Wire,246,W0202,,2160,R,COFLRYB,1.0,COFLRYB-1.0,180FW406050,,,,,,3267AA,C5,,,,,B3,7116997402,4.0,,,7171192330,4 / L,NO,Single,,,,,777AB,C82,,,,,B9,71142876,5.5,,,7271295130,78 / C,NO,Single,,,,X,X,X,X,X,X
ALL,,Single Wire,249,W0204,,1475,R,COFLRYB,1.0,COFLRYB-1.0,180FW406050,,,,,,107-53A,C57,,,,,8,7114725502,4.5,,,72860666,65 / V,YES,Double,554,,,,EBRV4-A,J637,,,70393211,,R,,,,,KS7478-0150,67 / D,,,,,,X,X,X,X,X,X
ALL,,Single Wire,25,W0024,,445,G/W,COFLRYB,0.35,COFLRYB-0.35,180FW406964,,,,,,444-53A,C42,,,,,4,7196120602,3.25,,,72782146,48 / U,NO,Single,,,,,E38IB-A,J603,,,4309U5030,,R,,,,,KS7478-0150,61 / T,,,,,,X,X,X,X,X,X
ALL,,Single Wire,250,W0205,,1760,W,COFLRYB,2.0,COFLRYB-2.0,180FW404240,,,,,,1979AA,C13,,,,,1,7216588302,4.5,,,7287150380,14 / E,NO,Single,,,,,3264AA,C72,,,,,A5,7116823302,5.0,,,7171192330,73 / D,YES,Double,252,,,X,X,X,X,X,X
ALL,,Single Wire,251,W0206,,515,B,COFLRYB,2.0,COFLRYB-2.0,180FW404230,,,,,,1979AA,C13,,,,,2,7216588302,4.5,,,7287150380,14 / E,NO,Single,,,,,EMAT-A,J625,,,70393211,,R,,,,,KS7478-0150,23 / D,,,,,,X,X,X,X,X,X
ALL,,Single Wire,252,W0207,,1960,W,COFLRYB,2.0,COFLRYB-2.0,180FW404240,,,,,,1980AA,C10,,,,,1,7216588302,4.5,,,7287150380,12 / B,NO,Single,,,,,3264AA,C72,,,,,A5,7116823302,5.0,,,7171192330,73 / D,YES,Double,250,,,X,X,X,X,X,X
ALL,,Single Wire,253,W0208,,525,B,COFLRYB,2.0,COFLRYB-2.0,180FW404230,,,,,,1980AA,C10,,,,,2,7216588302,4.5,,,7287150380,12 / B,NO,Single,,,,,EMAS-A,J622,,,70393212,,L,,,,,KS7478-0150,19 / B,,,,,,X,X,X,X,X,X
ALL,,Single Wire,254,W0209,,1135,R/BR,COFLRYB,1.5,COFLRYB-1.5,180FW406558,,,,,,226AA,C30,,,,,1,7296009902,3.3,7172536890,,7287703830,38 / B,NO,Single,,,,,777AB,C82,,,,,B12,71142876,5.5,,,7271295130,78 / C,NO,Single,,,,X,X,X,X,X,X
ALL,,Single Wire,255,W0210,,2200,R/BR,COFLRYB,1.5,COFLRYB-1.5,180FW406558,,,,,,227AA,C8,,,,,1,7296009902,3.3,7172536890,,7287703830,9 / B,NO,Single,,,,,777AB,C82,,,,,B13,71142876,5.5,,,7271295130,78 / C,NO,Single,,,,X,X,X,X,X,X
ALL,,Single Wire,256,W0211,,765,B/BR,A3ZP,1.5,A3ZP-1.5,180CE506538,,,,,,714-53A,C44,,,,,16,7116390302,5.5,,,7298525930,54 / B,NO,Single,,,,,EMAT-H,J628,,,70393211,,L,,,,,KS7478-0150,64 / C,,,,,,X,X,X,X,X,X
ALL,,Single Wire,257,W0212,,2930,R/BR,COFLRYB,0.75,COFLRYB-0.75,180FW404058,,,,,,938AA,C12,,,,,6,7116441702,4.0,7158316880,,7298170230,13 / U,NO,Single,,,,,EBP1X-A,J616,,,70393211,,R,,,,,KS7478-0150,34 / E,,,,,,X,X,X,X,X,X
ALL,,Single Wire,258,W0213,,2600,R/BR,COFLRYB,0.75,COFLRYB-0.75,180FW404058,,,,,,946AC,C29,,,,,P1,7116528702,5.0,7172505640,,7287377340,38 / U,NO,Single,,,,,EBP1X-A,J616,,,70393211,,L,,,,,KS7478-0150,34 / E,,,,,,X,X,X,X,X,X
ALL,,Single Wire,26,W0025,,550,BE/W,COFLRYB,0.35,COFLRYB-0.35,180FW4069DH,,,,,,444-53A,C42,,,,,5,7196120602,3.25,,,72782146,48 / U,NO,Single,,,,,419AB,C38,,,,,24,7196120602,3.25,,,7278214840,46 / T,NO,Single,,,,X,X,X,X,X,X
ALL,,Single Wire,260,W0214,,1085,R/BR,COFLRYB,0.75,COFLRYB-0.75,180FW404058,,,,,,777AB,C82,,,,,A2,7116480202,4.0,,,7271295130,78 / C,NO,Single,,,,,EBP1X-A,J616,,,70393211,,L,,,,,KS7478-0150,34 / E,,,,,,X,X,X,X,X,X
ALL,,Single Wire,261,W0215,,875,B,COFLRYB,2.0,COFLRYB-2.0,180FW404230,,,,,,EMAT-A,J625,,,70393211,,R,,,,,KS7478-0150,23 / D,,,,,,,EMAT-D,J627,,,70393210,,L,,,,,KS7478-0150,27 / F,,,,,,X,X,X,X,X,X
ALL,,Single Wire,262,W0216,,645,R,NF3ZZ,10.0,NF3ZZ-10.0,180AB005950,,,,,,67-53A,C40,,,,,1,7116562502,11.0,7158371370,,7289764330,48 / G,NO,Single,,,,,1033AE,C48,,,,,1,7009583302,8.5,,,7009583302,55 / H,NO,Single,,7094016150,"7094016150,715113460W",X,X,X,X,X,X
ALL,,Single Wire,263,W0217,,415,B,NF3ZZ,10.0,NF3ZZ-10.0,180AB005930,,,,,,MBF-53A,C39,,,,,1,7004133602,15.0,,,7004133602,46 / L,NO,Single,,70940009,70940009,,67-53A,C40,,,,,2,7116562502,11.0,7158371370,,7289764330,48 / G,NO,Single,,,,X,X,X,X,X,X
ALL,,Single Wire,264,W0218,,680,R,CFTG9X,10.0,CFTG9X-10.0,180GX005950,,,,,,1033AF,C49,,,,,1,7009583302,8.5,,,7009583302,55 / J,NO,Single,,7094016150,"7094016150,715113460W",,EBP12-A,J644,,,70393276,,R,,,,,KS7478-0150,64 / P,,,,,,X,X,X,X,X,X
ALL,,Single Wire,265,W0219,,525,R,CFTG9X,10.0,CFTG9X-10.0,180GX005950,,,,,,1033AH,C50,,,,,1,7009583302,8.5,,,7009583302,55 / K,NO,Single,,7094016150,"7094016150,715113460W",,EBP13-A,J615,,,70393276,,R,,,,,KS7478-0150,64 / M,,,,,,X,X,X,X,X,X
ALL,,Single Wire,266,W0220,,1450,B/BR,COFLRYB,4.0,COFLRYB-4.0,180FW406838,,,,,,MAT-53A,C62,,,,,1,7004133602,15.0,,,7004133602,69 / H,YES,Double,400,70393212,70393212,,EMAT-A,J625,,,70393211,,L,,,,,KS7478-0150,23 / D,,,,,,X,X,X,X,X,X
ALL,,Single Wire,267,W0221,,1255,B,COFLRYB,1.0,COFLRYB-1.0,180FW406030,,,,,,1337AF,C79,,,,,10,7116725102,4.3,,,7289773340,77 / L,NO,Single,,,,,NT-53A,C31,,,,,1,7004128802,9.0,,,7004128802,39 / F,YES,Double,280,70393211,70393211,X,X,X,X,X,X
ALL,,Single Wire,269,W0223,,270,R,COFLRYB,1.0,COFLRYB-1.0,180FW406050,,,,,,3265AA,C73,,,,,A1,7316809602,4.0,,,7171192330,72 / G,NO,Single,,,,,3265AA,C73,,,,,A3,7116823302,5.0,,,7171192330,72 / G,YES,Double,301,,,X,X,X,X,X,X
ALL,,Single Wire,27,W0026,,550,P/W,COFLRYB,0.35,COFLRYB-0.35,180FW406900,,,,,,444-53A,C42,,,,,6,7196120602,3.25,,,72782146,48 / U,NO,Single,,,,,419AB,C38,,,,,17,7196120602,3.25,,,7278214840,46 / T,NO,Single,,,,X,X,X,X,X,X
ALL,,Single Wire,271,W0225,,3065,G,COFLRYB,2.0,COFLRYB-2.0,180FW404260,,,,,,1337AB,C74,,,,,1,7116412102,5.0,,,7283374160,74 / J,NO,Single,,,,,212AA,C6,,,,,5,7116593502,4.5,7158395820,,7289352140,7 / K,NO,Single,,,,X,X,X,X,X,X
ALL,,Single Wire,272,W0226,,3065,L,COFLRYB,2.0,COFLRYB-2.0,180FW404290,,,,,,1337AB,C74,,,,,4,7116412102,5.0,,,7283374160,74 / J,NO,Single,,,,,212AA,C6,,,,,4,7116593502,4.5,7158395820,,7289352140,7 / K,NO,Single,,,,X,X,X,X,X,X
ALL,,Single Wire,273,W0227,,4175,B,COFLRYB,2.0,COFLRYB-2.0,180FW404230,,,,,,212AA,C6,,,,,1,7116593502,4.5,7158395820,,7289352140,7 / K,NO,Single,,,,,EMAS-A,J622,,,70393212,,L,,,,,KS7478-0150,19 / B,,,,,,X,X,X,X,X,X
HTS02,,Single Wire,274,W0228,,1740,R/P,COFLRYB,2.5,COFLRYB-2.5,180FW4070M0,,,,,,660-53A,C65,,,,,2,7116704602,4.3,,,71546533,70 / Q,NO,Single,,,,,777AB,C82,,,,,A10,7116480002,5.0,,,7271295130,78 / C,NO,Single,,,,X,X,X,X,,
ALL,,Single Wire,275,W0229,,920,R,COFLRYB,2.0,COFLRYB-2.0,180FW404250,,,,,,660-53A,C65,,,,,5,7116704602,4.3,,,71546533,70 / Q,NO,Single,,,,,EBP3Y-A,J617,,,4309U5030,,R,,,,,KS7478-0150,35 / T,,,,,,X,X,X,X,X,X
ALL,,Single Wire,276,W0230,,475,B/P,COFLRYB,2.5,COFLRYB-2.5,180FW4070A8,,,,,,MAS-53B,C15,,,,,1,7004131402,7.5,,,7004131402,16 / K,NO,Single,,70393211,70393211,,EMAS-E,J624,,,70393210,,R,,,,,KS7478-0150,16 / F,,,,,,X,X,X,X,X,X
ALL,,Single Wire,277,W0231,,1345,L/P,COFLRYB,2.5,COFLRYB-2.5,180FW4070E5,,,,,,1337AD,C80,,,,,7,7116704602,4.3,,,72878063,77 / N,NO,Single,,,,,E103J-A,J600,,,70393210,,R,,,,,KS7478-0150,36 / H,,,,,,X,X,X,X,X,X
ALL,,Single Wire,278,W0232,,1715,Y/P,COFLRYB,2.5,COFLRYB-2.5,180FW4070F3,,,,,,1337AE,C81,,,,,7,7116704602,4.3,,,7287882980,77 / P,NO,Single,,,,,EAP11-A,J613,,,70393210,,R,,,,,KS7478-0150,19 / F,,,,,,X,X,X,X,X,X
ALL,,Single Wire,279,W0233,,970,B/P,COFLRYB,2.5,COFLRYB-2.5,180FW4070A8,,,,,,EMAS-A,J622,,,70393212,,R,,,,,KS7478-0150,19 / B,,,,,,,EMAS-B,J623,,,70393211,,L,,,,,KS7478-0150,42 / D,,,,,,X,X,X,X,X,X
ALL,,Single Wire,28,W0027,,1445,R/W,A3ZP,0.35,A3ZP-0.35,180CE506954,,,,,,469-53A,C36,,,,,10,7195152702,4.0,,,7297555740,44 / J,NO,Single,,,,,260AA,C52,,,,,1,7116704502,4.3,,,72899966,56 / S,NO,Single,,,,X,X,X,X,X,X
ALL,,Single Wire,280,W0234,,630,B/P,COFLRYB,2.5,COFLRYB-2.5,180FW4070A8,,,,,,NT-53A,C31,,,,,1,7004128802,9.0,,,7004128802,39 / F,YES,Double,267,70393211,70393211,,ENT-B,J630,,,70393211,,L,,,,,KS7478-0150,31 / A,,,,,,X,X,X,X,X,X
ALL,,Single Wire,282,W0236,,850,R,COFLRYB,2.0,COFLRYB-2.0,180FW404250,,,,,,107-53A,C57,,,,,4,7114725602,4.5,,,72860666,65 / V,NO,Single,,,,,EBP3Y-A,J617,,,4309U5030,,R,,,,,KS7478-0150,35 / T,,,,,,X,X,X,X,X,X
ALL,,Single Wire,283,W0237,,795,R,COFLRYB,2.0,COFLRYB-2.0,180FW404250,,,,,,3264AA,C72,,,,,A3,7116823402,5.0,,,7171192330,73 / D,YES,Double,245,,,,777AB,C82,,,,,A6,7116480002,5.0,,,7271295130,78 / C,NO,Single,,,,X,X,X,X,X,X
ALL,,Single Wire,284,W0238,,485,B,COFLRYB,2.0,COFLRYB-2.0,180FW404230,,,,,,660-53A,C65,,,,,16,7116704602,4.3,,,71546533,70 / Q,NO,Single,,,,,107-53A,C57,,,,,16,7114725602,4.5,,,72860666,65 / V,NO,Single,,,,X,X,X,X,X,X
ALL,,Single Wire,286,W0240,,1190,R/BR,COFLRYB,1.5,COFLRYB-1.5,180FW406558,,,,,,777AB,C82,,,,,A19,7116480002,5.0,,,7271295130,78 / C,YES,Double,297,,,,EBRV4-B,J621,,,70393211,,L,,,,,KS7478-0150,43 / B,,,,,,X,X,X,X,X,X
ALL,,Single Wire,287,W0241,,1085,R,COFLRYB,2.0,COFLRYB-2.0,180FW404250,,,,,,777AB,C82,,,,,A21,7116480002,5.0,,,7271295130,78 / C,NO,Single,,,,,EBRV3-A,J620,,,70393210,,R,,,,,KS7478-0150,36 / D,,,,,,X,X,X,X,X,X
ALL,,Single Wire,29,W0028,,2500,GY,A3ZP,0.5,A3ZP-0.5,180CE503941,,,,,,470-53A,C34,,,,,8,7195152802,4.0,,,7297555640,44 / L,NO,Single,,,,,E38RB-A,J606,,,4309U5030,,R,,,,,KS7478-0150,7 / Q,,,,,,X,X,X,X,X,X
ALL,,Single Wire,290,W0243,,1455,R,COFLRYB,5.0,COFLRYB-5.0,180FW404450,,,,,,665-53A,C20,,,,,1,7114687702,7.0,7158377880,,7282059090,24 / J,NO,Single,,,,,777AB,C82,,,,,B3,7195079002,5.0,,,7271295130,78 / C,NO,Single,,,,X,X,X,X,X,X
ALL,,Single Wire,291,W0244,,550,L,COFLRYB,3.0,COFLRYB-3.0,180FW404390,,,,,,660-53A,C65,,,,,1,7116404402,5.0,,,71546533,70 / Q,NO,Single,,,,,260AB,C51,,,,,2,71163251,8.0,,,7283072430,55 / R,NO,Single,,,,X,X,X,X,X,X
LHDG,,Single Wire,292,W0245,,1685,R,COFLRYB,3.0,COFLRYB-3.0,180FW404350,,,,,,660-53A,C65,,,,,6,7116404402,5.0,,,71546533,70 / Q,NO,Single,,,,,777AB,C82,,,,,B5,71142877,5.5,,,7271295130,78 / C,NO,Single,,,,X,X,X,X,X,X
ALL,,Single Wire,295,W0248,,338,R,COFLRYB,3.0,COFLRYB-3.0,180FW404350,,,,,,2235AA,C70,,,,,1,7116823402,5.0,,,7171297430,73 / F,NO,Single,,,,,2235AA,C70,,,,,3,7116802002,8.5,,,7171297430,73 / F,YES,Double,306,,,X,X,X,X,X,X
ALL,,Single Wire,296,W0249,,740,R,COFLRYB,3.0,COFLRYB-3.0,180FW404350,,,,,,3267AA,C5,,,,,A1,7316840402,5.0,,,7171192330,4 / L,NO,Single,,,,,EBPE2-A,J618,,,70393212,,L,,,,,KS7478-0150,22 / F,,,,,,X,X,X,X,X,X
ALL,,Single Wire,297,W0250,,725,R/BR,COFLRYB,1.5,COFLRYB-1.5,180FW406558,,,,,,777AB,C82,,,,,A19,7116480002,5.0,,,7271295130,78 / C,YES,Double,286,,,,EBRV4-A,J637,,,70393211,,L,,,,,KS7478-0150,67 / D,,,,,,X,X,X,X,X,X
ALL,,Single Wire,298,W0251,,2095,R,COFLRYB,3.0,COFLRYB-3.0,180FW404350,,,,,,777AB,C82,,,,,A3,7116480002,5.0,,,7271295130,78 / C,NO,Single,,,,,EBP3Y-A,J617,,,4309U5030,,R,,,,,KS7478-0150,35 / T,,,,,,X,X,X,X,X,X
ALL,,Single Wire,299,W0252,,860,R,F4ZZC,40.0,F4ZZC-40.0,180DG404950,,,,,,1033AB,C45,,,,,1,7003724702,15.5,,,7003724702,54 / E,NO,Single,,7039298850,"7009720602,7039298850,715113460W,7173381430,732769443W",,777AA,C67,,,,,1,7003779402,16.0,,,7003779402,71 / D,NO,Single,,7039298850,7039298850,X,X,X,X,X,X
ALL,,Single Wire,3,W0003,,990,P,COFLRYB,0.5,COFLRYB-0.5,180FW403952,,,,,,1337AF,C79,,,,,7,7116704502,4.3,,,7289773340,77 / L,NO,Single,,,,,3264AA,C72,,,,,A2,7316809602,4.0,,,7171192330,73 / D,YES,Double,32,,,X,X,X,X,X,X
ALL,,Single Wire,30,W0029,,1010,DL,COFLRYB,0.5,COFLRYB-0.5,180FW4039K9,,,,,,648-53A,C88,,,,,17,7195028702,4.0,,,7186066580,52 / X,NO,Single,,,,,946AC,C29,,,,,N1,7116441602,4.0,,,7287377340,38 / U,NO,Single,,,,X,X,X,X,X,X
ALL,,Single Wire,300,W0253,,1405,R/BR,A3ZP,4.0,A3ZP-4.0,180CE506858,,,,,,188AA,C26,,,,,2,7116434102,5.0,,,7283464030,34 / K,NO,Single,,,,,777AB,C82,,,,,B2,71142877,5.5,,,7271295130,78 / C,NO,Single,,,,X,X,X,X,X,X
ALL,,Single Wire,301,W0254,,785,R,COFLRYB,2.0,COFLRYB-2.0,180FW404250,,,,,,3265AA,C73,,,,,A3,7116823302,5.0,,,7171192330,72 / G,YES,Double,269,,,,777AB,C82,,,,,B4,71142876,5.5,,,7271295130,78 / C,NO,Single,,,,X,X,X,X,X,X
ALL,,Single Wire,302,W0255,,845,R,COFLRYB,2.0,COFLRYB-2.0,180FW404250,,,,,,3265AA,C73,,,,,A5,7116823402,5.0,,,7171192330,72 / G,NO,Single,,,,,777AB,C82,,,,,D3,7116292902,5.5,,,7271295130,78 / C,NO,Single,,,,X,X,X,X,X,X
ALL,,Single Wire,303,W0256,,330,B/BR,COFLRYB,4.0,COFLRYB-4.0,180FW406838,,,,,,NU-53A,C61,,,,,1,7004126902,13.0,,,7004126902,68 / G,YES,Double,321,70393270,70393270,,ENU-B,J631,,,70393212,,R,,,,,KS7478-0150,64 / L,,,,,,X,X,X,X,X,X
ALL,,Single Wire,305,W0257,,385,B,COFLRYB,1.0,COFLRYB-1.0,180FW406030,,,,,,ENU-B,J631,,,70393212,,L,,,,,KS7478-0150,64 / L,,,,,,,ENU-C,J632,,,70393211,,R,,,,,KS7478-0150,63 / P,,,,,,X,X,X,X,X,X
ALL,,Single Wire,306,W0258,,1390,R,COFLRYB,5.0,COFLRYB-5.0,180FW404450,,,,,,2235AA,C70,,,,,3,7116802002,8.5,,,7171297430,73 / F,YES,Double,295,,,,EBPE2-A,J618,,,70393212,,R,,,,,KS7478-0150,22 / F,,,,,,X,X,X,X,X,X
ALL,,Single Wire,307,W0259,,860,R,COFLRYB,5.0,COFLRYB-5.0,180FW404450,,,,,,2235AA,C70,,,,,5,7116975202,7.0,,,7171297430,73 / F,NO,Single,,,,,777AB,C82,,,,,C5,71163250,8.0,,,7271295130,78 / C,NO,Single,,,,X,X,X,X,X,X
ALL,,Single Wire,308,W0260,,740,R,COFLRYB,5.0,COFLRYB-5.0,180FW404450,,,,,,3267AA,C5,,,,,A3,7116823302,5.0,,,7171192330,4 / L,NO,Single,,,,,EBPE2-A,J618,,,70393212,,L,,,,,KS7478-0150,22 / F,,,,,,X,X,X,X,X,X
ALL,,Single Wire,309,W0261,,2190,R/BR,COFLRYB,4.0,COFLRYB-4.0,180FW406858,,,,,,3267AA,C5,,,,,A5,7116823302,5.0,,,7171192330,4 / L,NO,Single,,,,,777AB,C82,,,,,D4,7116292902,5.5,,,7271295130,78 / C,NO,Single,,,,X,X,X,X,X,X
ALL,,Single Wire,31,W0030,,1015,G,COFLRYB,0.5,COFLRYB-0.5,180FW403960,,,,,,648-53A,C88,,,,,18,7195028702,4.0,,,7186066580,52 / X,NO,Single,,,,,946AC,C29,,,,,K1,7116441602,4.0,,,7287377340,38 / U,NO,Single,,,,X,X,X,X,X,X
LHDG,,Single Wire,310,W0262,,2135,R,COFLRYB,5.0,COFLRYB-5.0,180FW404450,,,,,,667-53A,C85,,,,,2,7116591402,7.0,7158377880,,7287893090,7 / G,NO,Single,,,,,1033AC,C46,,,,,1,7009566202,7.0,,,7009566202,55 / F,NO,Single,,7094016150,"7094016150,715113460W",X,X,X,X,X,X
ALL,,Single Wire,312,W0263,,655,R,COFLRYB,6.0,COFLRYB-6.0,180FW406750,,,,,,1337AA,C78,,,,,1,71163250,8.0,,,7283072430,77 / J,NO,Single,,,,,EBP12-A,J644,,,70393276,,R,,,,,KS7478-0150,64 / P,,,,,,X,X,X,X,X,X
ALL,,Single Wire,313,W0264,,510,R,COFLRYB,6.0,COFLRYB-6.0,180FW406750,,,,,,1337AA,C78,,,,,2,71163250,8.0,,,7283072430,77 / J,NO,Single,,,,,EBP13-A,J615,,,70393276,,R,,,,,KS7478-0150,64 / M,,,,,,X,X,X,X,X,X
ALL,,Single Wire,314,W0265,,1080,R,COFLRYB,6.0,COFLRYB-6.0,180FW406750,,,,,,777AB,C82,,,,,C2,71163250,8.0,,,7271295130,78 / C,NO,Single,,,,,EBP12-A,J644,,,70393276,,R,,,,,KS7478-0150,64 / P,,,,,,X,X,X,X,X,X
ALL,,Single Wire,315,W0266,,935,R,COFLRYB,6.0,COFLRYB-6.0,180FW406750,,,,,,777AB,C82,,,,,C4,71163250,8.0,,,7271295130,78 / C,NO,Single,,,,,EBP13-A,J615,,,70393276,,R,,,,,KS7478-0150,64 / M,,,,,,X,X,X,X,X,X
ALL,,Single Wire,316,W0267,,1230,B,COFLRYB,5.0,COFLRYB-5.0,180FW404430,,,,,,MAS-53A,C33,,,,,1,7004126902,13.0,,,7004126902,42 / H,YES,Double,340,70393212,70393212,,EMAS-A,J622,,,70393212,,R,,,,,KS7478-0150,19 / B,,,,,,X,X,X,X,X,X
ALL,,Single Wire,317,W0268,,1390,R,CFTG9X,8.0,CFTG9X-8.0,180GX004550,,,,,,1033AD,C47,,,,,1,7009566202,7.0,,,7009566202,55 / G,NO,Single,,70392394,"70392394,715113460W",,260AC,C53,,,,,1,71163250,8.0,,,7287011790,57 / T,NO,Single,,,,X,X,X,X,X,X
ALL,,Single Wire,318,W0269,,910,R,CFTG9X,8.0,CFTG9X-8.0,180GX004550,,,,,,260AB,C51,,,,,1,71163250,8.0,,,7283072430,55 / R,NO,Single,,,,,EBP13-A,J615,,,70393276,,L,,,,,KS7478-0150,64 / M,,,,,,X,X,X,X,X,X
ALL,,Single Wire,319,W0270,,715,R,CFTG9X,8.0,CFTG9X-8.0,180GX004550,,,,,,260AC,C53,,,,,2,71163250,8.0,,,7287011790,57 / T,NO,Single,,,,,EBP12-A,J644,,,70393276,,L,,,,,KS7478-0150,64 / P,,,,,,X,X,X,X,X,X
ALL,,Single Wire,32,W0031,,1730,P/W,COFLRYB,0.35,COFLRYB-0.35,180FW406900,,,,,,648-53A,C88,,,,,20,7195028702,4.0,,,7186066580,52 / X,NO,Single,,,,,3264AA,C72,,,,,A2,7316809602,4.0,,,7171192330,73 / D,YES,Double,3,,,X,X,X,X,X,X
ALL,,Single Wire,320,W0271,,1380,R,COFLRYB,5.0,COFLRYB-5.0,180FW404450,,,,,,777AB,C82,,,,,B1,7195079002,5.0,,,7271295130,78 / C,NO,Single,,,,,EBPE2-A,J618,,,70393212,,R,,,,,KS7478-0150,22 / F,,,,,,X,X,X,X,X,X
ALL,,Single Wire,321,W0272,,850,B,COFLRYB,2.0,COFLRYB-2.0,180FW404230,,,,,,NU-53A,C61,,,,,1,7004126902,13.0,,,7004126902,68 / G,YES,Double,303,70393270,70393270,,ENU-A,J645,,,70393211,,L,,,,,KS7478-0150,62 / Q,,,,,,X,X,X,X,X,X
ALL,,Twisted Wire,322,W0333,525,515,P/W,COFLRYB,0.35,COFLRYB-0.35,180FW406900,CBL$1162,,25,003,,419AA,C35,50,,,,10,7196120602,3.25,,,7278214730,44 / S,NO,Single,,,,,E137H-B,J642,110,,4309U5030,,L,,,,,KS7478-0150,27 / P,,,,,,X,X,X,X,X,X
ALL,,Twisted Wire,323,W0334,525,515,BR/W,COFLRYB,0.35,COFLRYB-0.35,180FW406984,CBL$1162,,25,003,,419AA,C35,50,,,,30,7196120602,3.25,,,7278214730,44 / S,NO,Single,,,,,E137G-B,J643,110,,70393210,,L,,,,,KS7478-0150,26 / P,,,,,,X,X,X,X,X,X
ALL,,Twisted Wire,326,W0331,480,470,BR/W,A3ZP,0.35,A3ZP-0.35,180CE506984,CBL$2066,,25,011,,714-53A,C44,50,,,,5,7116714502,5.0,,,7298525930,54 / B,NO,Single,,,,,E35AH-E,J635,110,,70393210,,L,,,,,KS7478-0150,59 / B,,,,,,X,X,X,X,X,X
ALL,,Twisted Wire,327,W0332,480,470,G/W,A3ZP,0.35,A3ZP-0.35,180CE506964,CBL$2066,,25,011,,714-53A,C44,50,,,,6,7116714502,5.0,,,7298525930,54 / B,NO,Single,,,,,E35AL-E,J636,110,,70393210,,L,,,,,KS7478-0150,60 / B,,,,,,X,X,X,X,X,X
ALL,,Twisted Wire,328,W0359,635,625,P/W,COFLRYB,0.35,COFLRYB-0.35,180FW406900,CBL$2174,,25,002,,444-53A,C42,50,,,,1,7196120602,3.25,,,72782146,48 / U,NO,Single,,,,,E137H-B,J642,110,,4309U5030,,R,,,,,KS7478-0150,27 / P,,,,,,X,X,X,X,X,X
ALL,,Twisted Wire,329,W0360,635,625,BR/W,COFLRYB,0.35,COFLRYB-0.35,180FW406984,CBL$2174,,25,002,,444-53A,C42,50,,,,2,7196120602,3.25,,,72782146,48 / U,NO,Single,,,,,E137G-B,J643,110,,70393210,,R,,,,,KS7478-0150,26 / P,,,,,,X,X,X,X,X,X
ALL,,Single Wire,33,W0032,,1015,L,COFLRYB,0.5,COFLRYB-0.5,180FW403990,,,,,,648-53A,C88,,,,,5,7195028702,4.0,,,7186066580,52 / X,NO,Single,,,,,946AC,C29,,,,,K2,7116441602,4.0,,,7287377340,38 / U,NO,Single,,,,X,X,X,X,X,X
ALL,,Twisted Wire,330,W0344,1395,1370,G/W,A3ZP,0.35,A3ZP-0.35,180CE506964,CBL$2,,25,022,,469-53A,C36,50,,,,18,7195152702,4.0,,,7297555740,44 / J,NO,Single,,,,,662-53A,C71,50,,,,5,7196029002,4.0,,,7187090560,73 / R,NO,Single,,,,X,X,X,X,X,X
ALL,,Twisted Wire,331,W0343,1395,1370,GY/W,A3ZP,0.35,A3ZP-0.35,180CE5069H7,CBL$2,,25,022,,662-53A,C71,50,,,,15,7196029002,4.0,,,7187090560,73 / R,NO,Single,,,,,469-53A,C36,50,,,,9,7195152702,4.0,,,7297555740,44 / J,NO,Single,,,,X,X,X,X,X,X
ALL,,Single Wire,332,W0273,,865,B,COFLRYB,0.5,COFLRYB-0.5,180FW403930,,,,,,1337AC,C76,,,,,13,7196120602,3.25,,,7278179940,75 / M,NO,Single,,,,,ENU-A,J645,,,70393211,,R,,,,,KS7478-0150,62 / Q,,,,,,X,X,X,X,X,X
ALL,,Single Wire,333,W0274,,2365,Y,A3ZP,0.5,A3ZP-0.5,180CE503970,,,,,,469-53A,C36,,,,,1,7195152802,4.0,,,7297555740,44 / J,NO,Single,,,,,EAP15-A,J614,,,4309U5030,,R,,,,,KS7478-0150,7 / S,,,,,,X,X,X,X,X,X
ALL,,Single Wire,334,W0275,,1705,B,A3ZP,0.5,A3ZP-0.5,180CE503930,,,,,,714-53A,C44,,,,,15,7116714502,5.0,,,7298525930,54 / B,NO,Single,,,,,ENU-A,J645,,,70393211,,R,,,,,KS7478-0150,62 / Q,,,,,,X,X,X,X,X,X
ALL,,Single Wire,335,W0276,,1480,B,COFLRYB,1.0,COFLRYB-1.0,180FW406030,,,,,,946AA,C21,,,,,H4,7116520802,4.5,7172505640,,7287375630,25 / T,NO,Single,,,,,ENU-B,J631,,,70393212,,L,,,,,KS7478-0150,64 / L,,,,,,X,X,X,X,X,X
ALL,,Single Wire,336,W0277,,2365,R,A3ZP,2.0,A3ZP-2.0,180CE504250,,,,,,468-53A,C32,,,,,1,7114404102,5.5,7158329260,,7282295830,42 / K,NO,Single,,,,,3267AA,C5,,,,,B5,7116823402,5.0,,,7171192330,4 / L,NO,Single,,,,X,X,X,X,X,X
ALL,,Single Wire,337,W0278,,760,B/BR,COFLRYB,1.5,COFLRYB-1.5,180FW406538,,,,,,226AA,C30,,,,,10,7296009902,3.3,7172536890,,7287703830,38 / B,NO,Single,,,,,EMAT-H,J628,,,70393211,,L,,,,,KS7478-0150,64 / C,,,,,,X,X,X,X,X,X
ALL,,Single Wire,338,W0279,,350,B/BR,COFLRYB,1.5,COFLRYB-1.5,180FW406538,,,,,,227AA,C8,,,,,10,7296009902,3.3,7172536890,,7287703830,9 / B,NO,Single,,,,,EMAS-E,J624,,,70393210,,L,,,,,KS7478-0150,16 / F,,,,,,X,X,X,X,X,X
ALL,,Single Wire,34,W0033,,685,BR/W,COFLRYB,0.35,COFLRYB-0.35,180FW406984,,,,,,645AA,C64,,,,,12,7196120602,3.25,,,7278059630,70 / W,NO,Single,,,,,E5A-A,J609,,,4309U5030,,R,,,,,KS7478-0150,30 / P,,,,,,X,X,X,X,X,X
ALL,,Single Wire,340,W0280,,1350,B,COFLRYB,2.0,COFLRYB-2.0,180FW404230,,,,,,MAS-53A,C33,,,,,1,7004126902,13.0,,,7004126902,42 / H,YES,Double,316,70393212,70393212,,1337AB,C74,,,,,5,7116412102,5.0,,,7283374160,74 / J,NO,Single,,,,X,X,X,X,X,X
LHDG,,Single Wire,341,W0281,,1400,G/W,COFLRYB,0.35,COFLRYB-0.35,180FW406964,,,,,,444-53A,C42,,,,,10,7196120602,3.25,,,72782146,48 / U,NO,Single,,,,,446-53A,C22,,,,,11,7196146002,4.0,7158316660,,7298250930,28 / N,NO,Single,,,,X,X,X,X,X,X
LHDG,,Single Wire,342,W0282,,1400,DL/W,COFLRYB,0.35,COFLRYB-0.35,180FW4069K8,,,,,,444-53A,C42,,,,,9,7196120602,3.25,,,72782146,48 / U,NO,Single,,,,,446-53A,C22,,,,,9,7196146002,4.0,7158316660,,7298250930,28 / N,NO,Single,,,,X,X,X,X,X,X
LHDG,,Single Wire,343,W0283,,835,L/W,COFLRYB,0.35,COFLRYB-0.35,180FW406994,,,,,,446-53A,C22,,,,,10,7196146002,4.0,7158316660,,7298250930,28 / N,NO,Single,,,,,E38DO-A,J601,,,70393210,,L,,,,,KS7478-0150,68 / N,,,,,,X,X,X,X,X,X
LHDG,,Single Wire,344,W0284,,1210,BR/W,COFLRYB,0.35,COFLRYB-0.35,180FW406984,,,,,,446-53A,C22,,,,,12,7196146002,4.0,7158316660,,7298250930,28 / N,NO,Single,,,,,E38EW-A,J602,,,4309U5030,,R,,,,,KS7478-0150,64 / V,,,,,,X,X,X,X,X,X
LHDG,,Single Wire,345,W0285,,1605,GY/W,COFLRYB,0.35,COFLRYB-0.35,180FW4069H7,,,,,,446-53A,C22,,,,,3,7196146002,4.0,7158316660,,7298250930,28 / N,NO,Single,,,,,419AB,C38,,,,,23,7196120602,3.25,,,7278214840,46 / T,NO,Single,,,,X,X,X,X,X,X
LHDG,,Single Wire,346,W0286,,1155,G/W,COFLRYB,0.35,COFLRYB-0.35,180FW406964,,,,,,446-53A,C22,,,,,5,7196146002,4.0,7158316660,,7298250930,28 / N,NO,Single,,,,,E38IB-A,J603,,,4309U5030,,R,,,,,KS7478-0150,61 / T,,,,,,X,X,X,X,X,X
LHDG,,Single Wire,347,W0287,,2425,GY/W,COFLRYB,0.35,COFLRYB-0.35,180FW4069H7,,,,,,446-53A,C22,,,,,7,7196146002,4.0,7158316660,,7298250930,28 / N,NO,Single,,,,,E38RB-A,J606,,,4309U5030,,R,,,,,KS7478-0150,7 / Q,,,,,,X,X,X,X,X,X
LHDG,,Single Wire,348,W0288,,550,R/W,COFLRYB,0.35,COFLRYB-0.35,180FW406954,,,,,,661-53A,C68,,,,,13,7196029002,4.0,,,71870905,71 / Q,NO,Single,,,,,260AA,C52,,,,,9,7116704502,4.3,,,72899966,56 / S,NO,Single,,,,X,X,X,X,X,X
(PCT2&&LHDG) || (PCT1&&LHDG),,Single Wire,349,W0289,,1785,L,A3ZP,0.5,A3ZP-0.5,180CE503990,,,,,,789-53A,C91,,,,,17,7114714402,5.0,,,7288907230,71 / N,NO,Single,,,,,946AB,C24,,,,,C1,7116441602,4.0,,,7287377230,30 / U,NO,Single,,,,X,X,X,X,X,X
(PCT2&&LHDG) || (PCT1&&LHDG),,Single Wire,350,W0290,,1700,GY,A3ZP,0.5,A3ZP-0.5,180CE503941,,,,,,789-53A,C91,,,,,18,7114714402,5.0,,,7288907230,71 / N,NO,Single,,,,,946AA,C21,,,,,C2,7116441602,4.0,,,7287375630,25 / T,NO,Single,,,,X,X,X,X,X,X
(PCT2&&LHDG) || (PCT1&&LHDG),,Single Wire,351,W0291,,1705,BR,A3ZP,0.5,A3ZP-0.5,180CE503980,,,,,,789-53A,C91,,,,,8,7114714402,5.0,,,7288907230,71 / N,NO,Single,,,,,946AA,C21,,,,,D4,7116441602,4.0,,,7287375630,25 / T,NO,Single,,,,X,X,X,X,X,X
(PCT2&&LHDG) || (PCT1&&LHDG),,Single Wire,352,W0292,,1750,L,A3ZP,0.5,A3ZP-0.5,180CE503990,,,,,,789-53A,C91,,,,,9,7114714402,5.0,,,7288907230,71 / N,NO,Single,,,,,946AB,C24,,,,,O3,7116441602,4.0,,,7287377230,30 / U,NO,Single,,,,X,X,X,X,X,X
LHDG,,Single Wire,353,W0293,,1185,BR,COFLRYB,0.5,COFLRYB-0.5,180FW403980,,,,,,921AA,C7,,,,,1,7196146102,4.0,7158316780,,7298186930,7 / W,NO,Single,,,,,946AA,C21,,,,,F3,7116441602,4.0,,,7287375630,25 / T,NO,Single,,,,X,X,X,X,X,X
LHDG,,Single Wire,354,W0294,,1185,GY,COFLRYB,0.5,COFLRYB-0.5,180FW403941,,,,,,921AA,C7,,,,,2,7196146102,4.0,7158316780,,7298186930,7 / W,NO,Single,,,,,946AA,C21,,,,,F2,7116441602,4.0,,,7287375630,25 / T,NO,Single,,,,X,X,X,X,X,X
LHDG,,Single Wire,355,W0295,,1190,P,COFLRYB,0.5,COFLRYB-0.5,180FW403952,,,,,,921AA,C7,,,,,3,7196146102,4.0,7158316780,,7298186930,7 / W,NO,Single,,,,,946AA,C21,,,,,G2,7116528702,5.0,7172505640,,7287375630,25 / T,NO,Single,,,,X,X,X,X,X,X
LHDG,,Single Wire,356,W0296,,1195,G,COFLRYB,0.5,COFLRYB-0.5,180FW403960,,,,,,921AA,C7,,,,,4,7196146102,4.0,7158316780,,7298186930,7 / W,NO,Single,,,,,946AA,C21,,,,,H2,7116528702,5.0,7172505640,,7287375630,25 / T,NO,Single,,,,X,X,X,X,X,X
LHDG,,Single Wire,357,W0297,,1195,L,COFLRYB,0.5,COFLRYB-0.5,180FW403990,,,,,,921AA,C7,,,,,5,7196146102,4.0,7158316780,,7298186930,7 / W,NO,Single,,,,,946AA,C21,,,,,H3,7116528702,5.0,7172505640,,7287375630,25 / T,NO,Single,,,,X,X,X,X,X,X
LHDG,,Single Wire,358,W0298,,1185,DL,COFLRYB,0.5,COFLRYB-0.5,180FW4039K9,,,,,,921AA,C7,,,,,6,7196146102,4.0,7158316780,,7298186930,7 / W,NO,Single,,,,,946AA,C21,,,,,F4,7116441602,4.0,,,7287375630,25 / T,NO,Single,,,,X,X,X,X,X,X
LHDG,,Twisted Wire,359,W0335,1820,1790,L/W,COFLRYB,0.35,COFLRYB-0.35,180FW406994,CBL$3381,,25,015,,723-53A,C59,50,,,,1,7196146002,4.0,7158316660,,7298186530,67 / B,NO,Single,,,,,661-53A,C68,50,,,,17,7196029002,4.0,,,71870905,71 / Q,NO,Single,,,,X,X,X,X,X,X
ALL,,Single Wire,36,W0035,,635,DL/W,COFLRYB,0.35,COFLRYB-0.35,180FW4069K8,,,,,,646-53A,C56,,,,,11,7195028702,4.0,,,7186066560,61 / V,NO,Single,,,,,419AA,C35,,,,,28,7196120602,3.25,,,7278214730,44 / S,NO,Single,,,,X,X,X,X,X,X
LHDG,,Twisted Wire,360,W0336,1820,1790,G/W,COFLRYB,0.35,COFLRYB-0.35,180FW406964,CBL$3381,,25,015,,723-53A,C59,50,,,,2,7196146002,4.0,7158316660,,7298186530,67 / B,NO,Single,,,,,661-53A,C68,50,,,,7,7196029002,4.0,,,71870905,71 / Q,NO,Single,,,,X,X,X,X,X,X
LHDG,,Twisted Wire,361,W0368,1325,1300,BR/W,A3ZP,0.35,A3ZP-0.35,180CE506984,CBL$46,,25,014,,662-53A,C71,50,,,,13,7196029002,4.0,,,7187090560,73 / R,NO,Single,,,,,67-53A,C40,50,,,,3,7116410202,5.0,7158303050,,7289764330,48 / G,NO,Single,,,,X,X,X,X,X,X
LHDG,,Twisted Wire,362,W0367,1325,1300,L/W,A3ZP,0.35,A3ZP-0.35,180CE506994,CBL$46,,25,014,,662-53A,C71,50,,,,3,7196029002,4.0,,,7187090560,73 / R,NO,Single,,,,,67-53A,C40,50,,,,4,7116410202,5.0,7158303050,,7289764330,48 / G,NO,Single,,,,X,X,X,X,X,X
LHDG,,Single Wire,363,W0299,,1605,P,COFLRYB,0.5,COFLRYB-0.5,180FW403952,,,,,,446-53A,C22,,,,,2,7196146102,4.0,7158316780,,7298250930,28 / N,NO,Single,,,,,419AB,C38,,,,,34,7196120602,3.25,,,7278214840,46 / T,NO,Single,,,,X,X,X,X,X,X
LHDG,,Single Wire,364,W0300,,2445,P,COFLRYB,0.5,COFLRYB-0.5,180FW403952,,,,,,446-53A,C22,,,,,4,7196146102,4.0,7158316780,,7298250930,28 / N,NO,Single,,,,,E38IE-A,J605,,,4309U5030,,R,,,,,KS7478-0150,3 / S,,,,,,X,X,X,X,X,X
LHDG,,Single Wire,365,W0301,,1605,DL,COFLRYB,0.5,COFLRYB-0.5,180FW4039K9,,,,,,446-53A,C22,,,,,6,7196146102,4.0,7158316780,,7298250930,28 / N,NO,Single,,,,,419AB,C38,,,,,1,7196120602,3.25,,,7278214840,46 / T,NO,Single,,,,X,X,X,X,X,X
PCT2 && LHDG,,Single Wire,366,W0302,,1790,GY,A3ZP,0.5,A3ZP-0.5,180CE503941,,,,,,789-53A,C91,,,,,10,7114714402,5.0,,,7288907230,71 / N,NO,Single,,,,,946AB,C24,,,,,A2,7116441602,4.0,,,7287377230,30 / U,NO,Single,,,,X,X,X,X,X,X
(PCT2&&LHDG) || (PCT1&&LHDG),,Single Wire,367,W0303,,1765,BE,A3ZP,0.5,A3ZP-0.5,180CE50395U,,,,,,789-53A,C91,,,,,11,7114714402,5.0,,,7288907230,71 / N,NO,Single,,,,,946AB,C24,,,,,K2,7116441602,4.0,,,7287377230,30 / U,NO,Single,,,,X,X,X,X,X,X
(PCT2&&LHDG) || (PCT1&&LHDG),,Single Wire,368,W0304,,1825,DL,A3ZP,0.5,A3ZP-0.5,180CE5039K9,,,,,,789-53A,C91,,,,,12,7114714402,5.0,,,7288907230,71 / N,NO,Single,,,,,946AC,C29,,,,,L4,7116441602,4.0,,,7287377340,38 / U,NO,Single,,,,X,X,X,X,X,X
(PCT2&&LHDG) || (PCT1&&LHDG),,Single Wire,369,W0305,,1840,P,A3ZP,0.5,A3ZP-0.5,180CE503952,,,,,,789-53A,C91,,,,,13,7114714402,5.0,,,7288907230,71 / N,NO,Single,,,,,946AC,C29,,,,,G4,7116441602,4.0,,,7287377340,38 / U,NO,Single,,,,X,X,X,X,X,X
ALL,,Single Wire,37,W0036,,635,GY/W,COFLRYB,0.35,COFLRYB-0.35,180FW4069H7,,,,,,646-53A,C56,,,,,12,7195028702,4.0,,,7186066560,61 / V,NO,Single,,,,,419AA,C35,,,,,38,7196120602,3.25,,,7278214730,44 / S,NO,Single,,,,X,X,X,X,X,X
(PCT2&&LHDG) || (PCT1&&LHDG),,Single Wire,370,W0306,,1745,W,A3ZP,0.5,A3ZP-0.5,180CE503940,,,,,,789-53A,C91,,,,,14,7114714402,5.0,,,7288907230,71 / N,NO,Single,,,,,946AB,C24,,,,,Q3,7116528702,5.0,7172505640,,7287377230,30 / U,NO,Single,,,,X,X,X,X,X,X
(PCT2&&LHDG) || (PCT1&&LHDG),,Single Wire,371,W0307,,1750,G,A3ZP,0.5,A3ZP-0.5,180CE503960,,,,,,789-53A,C91,,,,,15,7114714402,5.0,,,7288907230,71 / N,NO,Single,,,,,946AB,C24,,,,,O1,7116441602,4.0,,,7287377230,30 / U,NO,Single,,,,X,X,X,X,X,X
(PCT2&&LHDG) || (PCT1&&LHDG),,Single Wire,372,W0308,,1770,BR,A3ZP,0.5,A3ZP-0.5,180CE503980,,,,,,789-53A,C91,,,,,16,7114714402,5.0,,,7288907230,71 / N,NO,Single,,,,,946AB,C24,,,,,H3,7116441602,4.0,,,7287377230,30 / U,NO,Single,,,,X,X,X,X,X,X
(PCT2&&LHDG) || (PCT1&&LHDG),,Single Wire,373,W0309,,1780,GY,A3ZP,0.5,A3ZP-0.5,180CE503941,,,,,,789-53A,C91,,,,,1,7114714402,5.0,,,7288907230,71 / N,NO,Single,,,,,946AB,C24,,,,,E1,7116441602,4.0,,,7287377230,30 / U,NO,Single,,,,X,X,X,X,X,X
PCT2 && LHDG,,Single Wire,374,W0310,,1830,BE,A3ZP,0.5,A3ZP-0.5,180CE50395U,,,,,,789-53A,C91,,,,,20,7114714402,5.0,,,7288907230,71 / N,NO,Single,,,,,946AC,C29,,,,,J2,7116441602,4.0,,,7287377340,38 / U,NO,Single,,,,X,X,X,X,X,X
(PCT2&&LHDG) || (PCT1&&LHDG),,Single Wire,375,W0311,,1830,P,A3ZP,0.5,A3ZP-0.5,180CE503952,,,,,,789-53A,C91,,,,,2,7114714402,5.0,,,7288907230,71 / N,NO,Single,,,,,946AC,C29,,,,,K3,7116441602,4.0,,,7287377340,38 / U,NO,Single,,,,X,X,X,X,X,X
(PCT2&&LHDG) || (PCT1&&LHDG),,Single Wire,376,W0312,,1770,G,A3ZP,0.5,A3ZP-0.5,180CE503960,,,,,,789-53A,C91,,,,,3,7114714402,5.0,,,7288907230,71 / N,NO,Single,,,,,946AB,C24,,,,,H2,7116441602,4.0,,,7287377230,30 / U,NO,Single,,,,X,X,X,X,X,X
(PCT2&&LHDG) || (PCT1&&LHDG),,Single Wire,377,W0313,,1745,GY,A3ZP,0.5,A3ZP-0.5,180CE503941,,,,,,789-53A,C91,,,,,4,7114714402,5.0,,,7288907230,71 / N,NO,Single,,,,,946AB,C24,,,,,Q2,7116528702,5.0,7172505640,,7287377230,30 / U,NO,Single,,,,X,X,X,X,X,X
(PCT2&&LHDG) || (PCT1&&LHDG),,Single Wire,378,W0314,,1760,BR,A3ZP,0.5,A3ZP-0.5,180CE503980,,,,,,789-53A,C91,,,,,5,7114714402,5.0,,,7288907230,71 / N,NO,Single,,,,,946AB,C24,,,,,L2,7116441602,4.0,,,7287377230,30 / U,NO,Single,,,,X,X,X,X,X,X
(PCT2&&LHDG) || (PCT1&&LHDG),,Single Wire,379,W0315,,1775,BE,A3ZP,0.5,A3ZP-0.5,180CE50395U,,,,,,789-53A,C91,,,,,7,7114714402,5.0,,,7288907230,71 / N,NO,Single,,,,,946AB,C24,,,,,G2,7116441602,4.0,,,7287377230,30 / U,NO,Single,,,,X,X,X,X,X,X
ALL,,Single Wire,38,W0037,,630,G,COFLRYB,0.5,COFLRYB-0.5,180FW403960,,,,,,107-53A,C57,,,,,14,7114725302,4.5,,,72860666,65 / V,NO,Single,,,,,419AA,C35,,,,,25,7196120602,3.25,,,7278214730,44 / S,NO,Single,,,,X,X,X,X,X,X
LHDG,,Single Wire,380,W0316,,770,R/BR,COFLRYB,0.75,COFLRYB-0.75,180FW404058,,,,,,446-53A,C22,,,,,1,7196146202,4.0,7158316880,,7298250930,28 / N,NO,Single,,,,,EBRV4-A,J637,,,70393211,,L,,,,,KS7478-0150,67 / D,,,,,,X,X,X,X,X,X
LHDG,,Single Wire,381,W0317,,1160,B/BR,COFLRYB,0.75,COFLRYB-0.75,180FW404038,,,,,,446-53A,C22,,,,,8,7196146202,4.0,7158316880,,7298250930,28 / N,NO,Single,,,,,ENT-B,J630,,,70393211,,R,,,,,KS7478-0150,31 / A,,,,,,X,X,X,X,X,X
(PCT2&&LHDG) || (PCT1&&LHDG),,Single Wire,382,W0318,,1470,R/BR,A3ZP,0.75,A3ZP-0.75,180CE504058,,,,,,789-53A,C91,,,,,19,7114470802,5.0,,,7288907230,71 / N,NO,Single,,,,,EBRV4-B,J621,,,70393211,,R,,,,,KS7478-0150,43 / B,,,,,,X,X,X,X,X,X
(PCT2&&LHDG) || (PCT1&&LHDG),,Single Wire,383,W0319,,680,B/BR,A3ZP,0.75,A3ZP-0.75,180CE504038,,,,,,789-53A,C91,,,,,6,7114470802,5.0,,,7288907230,71 / N,NO,Single,,,,,ENU-A,J645,,,70393211,,R,,,,,KS7478-0150,62 / Q,,,,,,X,X,X,X,X,X
LHDG,,Single Wire,384,W0320,,1005,R/BR,A3ZP,4.0,A3ZP-4.0,180CE506858,,,,,,445-53A,C25,,,,,4,7116434102,5.0,,,7283464030,35 / N,NO,Single,,,,,777AB,C82,,,,,B11,71142877,5.5,,,7271295130,78 / C,NO,Single,,,,X,X,X,X,X,X
ALL,,Single Wire,385,W0321,,1230,B/BR,A3ZP,4.0,A3ZP-4.0,180CE506838,,,,,,MAJ-53A,C60,,,,,1,7004128802,9.0,,,7004128802,67 / F,NO,Single,,70393211,70393211,,188AA,C26,,,,,1,7116434102,5.0,,,7283464030,34 / K,NO,Single,,,,X,X,X,X,X,X
LHDG,,Single Wire,386,W0322,,725,B/BR,A3ZP,4.0,A3ZP-4.0,180CE506838,,,,,,MAJ-53B,C58,,,,,1,7004128802,9.0,,,7004128802,65 / G,NO,Single,,70393211,70393211,,445-53A,C25,,,,,1,7116434102,5.0,,,7283464030,35 / N,NO,Single,,,,X,X,X,X,X,X
LHDG,,Single Wire,387,W0323,,580,B/BR,COFLRYB,4.0,COFLRYB-4.0,180FW406838,,,,,,MAT-53C,C63,,,,,1,7004128802,9.0,,,7004128802,69 / J,NO,Single,,70393211,70393211,,EMAT-H,J628,,,70393211,,R,,,,,KS7478-0150,64 / C,,,,,,X,X,X,X,X,X
ALL,,Single Wire,39,W0038,,980,BE,COFLRYB,0.5,COFLRYB-0.5,180FW40395U,,,,,,646-53A,C56,,,,,19,7195028702,4.0,,,7186066560,61 / V,NO,Single,,,,,946AB,C24,,,,,H1,7116441602,4.0,,,7287377230,30 / U,NO,Single,,,,X,X,X,X,X,X
ALL,,Single Wire,4,W0004,,1860,R,COFLRYB,0.5,COFLRYB-0.5,180FW403950,,,,,,160AA,C1,,,,,1,7196120602,3.25,,,7278121240,3 / R,NO,Single,,,,,260AA,C52,,,,,2,7116725202,4.3,,,72899966,56 / S,YES,Double,64,,,X,X,X,X,X,X
ALL,,Single Wire,400,W0324,,355,B/BR,COFLRYB,4.0,COFLRYB-4.0,180FW406838,,,,,,MAT-53A,C62,,,,,1,7004133602,15.0,,,7004133602,69 / H,YES,Double,266,70393212,70393212,,ENU-B,J631,,,70393212,,R,,,,,KS7478-0150,64 / L,,,,,,X,X,X,X,X,X
ALL,,Single Wire,402,W0325,,2440,BE,A3ZP,0.5,A3ZP-0.5,180CE50395U,,,,,,714-53A,C44,,,,,7,7116714502,5.0,,,7298525930,54 / B,NO,Single,,,,,227AA,C8,,,,,5,7216786602,3.6,7158347440,,7287703830,9 / B,NO,Single,,,,X,X,X,X,X,X
ALL,,Single Wire,403,W0326,,1390,BR,A3ZP,0.5,A3ZP-0.5,180CE503980,,,,,,714-53A,C44,,,,,14,7116714502,5.0,,,7298525930,54 / B,NO,Single,,,,,226AA,C30,,,,,5,7216786602,3.6,7158347440,,7287703830,38 / B,NO,Single,,,,X,X,X,X,X,X
ALL,,Single Wire,404,W0327,,1450,P,COFLRYB,0.5,COFLRYB-0.5,180FW403952,,,,,,645AA,C64,,,,,23,7196120602,3.25,,,7278059630,70 / W,NO,Single,,,,,E64AA-A,J610,,,70393210,,R,,,,,KS7478-0150,69 / B,,,,,,X,X,X,X,X,X
ALL,,Single Wire,405,W0328,,1095,P,A3ZP,1.0,A3ZP-1.0,180CE506052,,,,,,714-53A,C44,,,,,13,7116390502,5.0,,,7298525930,54 / B,NO,Single,,,,,E64AA-A,J610,,,70393210,,L,,,,,KS7478-0150,69 / B,,,,,,X,X,X,X,X,X
ALL,,Single Wire,406,W0329,,1155,GY,A3ZP,1.0,A3ZP-1.0,180CE506041,,,,,,714-53A,C44,,,,,12,7116390502,5.0,,,7298525930,54 / B,NO,Single,,,,,E64W-A,J611,,,70393210,,L,,,,,KS7478-0150,70 / B,,,,,,X,X,X,X,X,X
ALL,,Single Wire,407,W0330,,1510,GY,COFLRYB,0.5,COFLRYB-0.5,180FW403941,,,,,,645AA,C64,,,,,24,7196120602,3.25,,,7278059630,70 / W,NO,Single,,,,,E64W-A,J611,,,70393210,,R,,,,,KS7478-0150,70 / B,,,,,,X,X,X,X,X,X
PCT1 || PCT2,,Single Wire,408,W0381,,1730,B/P,COFLRYB,2.5,COFLRYB-2.5,180FW4070A8,,,,,,NI-53A,C43,,,,,1,7004131402,7.5,,,7004131402,52 / L,NO,Single,,70393211,70393211,,ENI-A,J646,,,4309U5030,,R,,,,,KS7478-0150,46 / Q,,,,,,X,X,X,X,X,X
PCT1 || PCT2,,Single Wire,409,W0165,,445,B,COFLRYB,0.5,COFLRYB-0.5,180FW403930,,,,,,2494AB,C27,,,,,8,7196120602,3.25,,,7278197730,34 / Q,NO,Single,,,,,ENI-A,J646,,,4309U5030,,R,,,,,KS7478-0150,46 / Q,,,,,,X,X,X,X,X,X
ALL,,Single Wire,41,W0040,,635,P/W,COFLRYB,0.35,COFLRYB-0.35,180FW406900,,,,,,646-53A,C56,,,,,2,7195028702,4.0,,,7186066560,61 / V,NO,Single,,,,,419AA,C35,,,,,8,7196120602,3.25,,,7278214730,44 / S,NO,Single,,,,X,X,X,X,X,X
ALL,,Single Wire,42,W0041,,965,G,COFLRYB,0.5,COFLRYB-0.5,180FW403960,,,,,,646-53A,C56,,,,,3,7195028702,4.0,,,7186066560,61 / V,NO,Single,,,,,946AB,C24,,,,,N1,7116441602,4.0,,,7287377230,30 / U,NO,Single,,,,X,X,X,X,X,X
ALL,,Single Wire,43,W0042,,985,L,COFLRYB,0.5,COFLRYB-0.5,180FW403990,,,,,,646-53A,C56,,,,,4,7195028702,4.0,,,7186066560,61 / V,NO,Single,,,,,946AB,C24,,,,,G4,7116441602,4.0,,,7287377230,30 / U,NO,Single,,,,X,X,X,X,X,X
ALL,,Single Wire,44,W0043,,970,W,COFLRYB,0.5,COFLRYB-0.5,180FW403940,,,,,,646-53A,C56,,,,,5,7195028702,4.0,,,7186066560,61 / V,NO,Single,,,,,946AB,C24,,,,,M4,7116441602,4.0,,,7287377230,30 / U,NO,Single,,,,X,X,X,X,X,X
ALL,,Single Wire,45,W0044,,965,DL,COFLRYB,0.5,COFLRYB-0.5,180FW4039K9,,,,,,646-53A,C56,,,,,6,7195028702,4.0,,,7186066560,61 / V,NO,Single,,,,,946AB,C24,,,,,N3,7116441602,4.0,,,7287377230,30 / U,NO,Single,,,,X,X,X,X,X,X
ALL,,Single Wire,46,W0045,,965,BR,COFLRYB,0.5,COFLRYB-0.5,180FW403980,,,,,,646-53A,C56,,,,,7,7195028702,4.0,,,7186066560,61 / V,NO,Single,,,,,946AB,C24,,,,,N2,7116441602,4.0,,,7287377230,30 / U,NO,Single,,,,X,X,X,X,X,X
ALL,,Single Wire,47,W0046,,970,GY,COFLRYB,0.5,COFLRYB-0.5,180FW403941,,,,,,646-53A,C56,,,,,8,7195028702,4.0,,,7186066560,61 / V,NO,Single,,,,,946AB,C24,,,,,M1,7116441602,4.0,,,7287377230,30 / U,NO,Single,,,,X,X,X,X,X,X
ALL,,Single Wire,48,W0047,,465,P/W,COFLRYB,0.35,COFLRYB-0.35,180FW406900,,,,,,647-53A,C55,,,,,10,7195028702,4.0,,,7186066590,59 / W,NO,Single,,,,,444-53A,C42,,,,,15,7196120602,3.25,,,72782146,48 / U,NO,Single,,,,X,X,X,X,X,X
ALL,,Single Wire,49,W0048,,465,G/W,COFLRYB,0.35,COFLRYB-0.35,180FW406964,,,,,,647-53A,C55,,,,,11,7195028702,4.0,,,7186066590,59 / W,NO,Single,,,,,444-53A,C42,,,,,16,7196120602,3.25,,,72782146,48 / U,NO,Single,,,,X,X,X,X,X,X
ALL,,Single Wire,5,W0005,,1725,G/W,COFLRYB,0.35,COFLRYB-0.35,180FW406964,,,,,,160AA,C1,,,,,3,7196120602,3.25,,,7278121240,3 / R,NO,Single,,,,,645AA,C64,,,,,11,7196120602,3.25,,,7278059630,70 / W,NO,Single,,,,X,X,X,X,X,X
ALL,,Single Wire,50,W0049,,465,BE/W,COFLRYB,0.35,COFLRYB-0.35,180FW4069DH,,,,,,647-53A,C55,,,,,12,7195028702,4.0,,,7186066590,59 / W,NO,Single,,,,,444-53A,C42,,,,,38,7196120602,3.25,,,72782146,48 / U,NO,Single,,,,X,X,X,X,X,X
CHGS2,,Twisted Wire,500,W0386,2750,2695,L,COFLRYB,0.5,COFLRYB-0.5,180FW403990,CBL$2065,,25,,,2448AA,C83,50,,,,2,7196146102,4.0,7158316780,,7298250930,15 / N,NO,Single,,,,,946AA,C21,50,,,,E2,7116441602,4.0,,,7287375630,25 / T,YES,Single,,,,X,X,,,,X
CHGS2,,Twisted Wire,501,W0387,2750,2695,W,COFLRYB,0.5,COFLRYB-0.5,180FW403940,CBL$2065,,25,,,2448AA,C83,50,,,,3,7196146102,4.0,7158316780,,7298250930,15 / N,NO,Single,,,,,946AA,C21,50,,,,E1,7116441602,4.0,,,7287375630,25 / T,YES,Single,,,,X,X,,,,X
PCT2 && CHGS2,,Single Wire,502,W0382,,965,BE,COFLRYB,0.5,COFLRYB-0.5,180FW40395U,,,,,,2448AA,C83,,,,,4,7196146102,4.0,7158316780,,7298250930,15 / N,NO,Single,,,,,730-53B,C84,,,,,1,7196146102,4.0,7158316780,,7298228210,24 / N,NO,Single,,,,X,X,,,,X
CHGS2,,Single Wire,503,W0383,,2750,BR,COFLRYB,0.5,COFLRYB-0.5,180FW403980,,,,,,2448AA,C83,,,,,5,7196146102,4.0,7158316780,,7298250930,15 / N,NO,Single,,,,,946AB,C24,,,,,O4,7116441602,4.0,,,7287377230,30 / U,YES,Single,,,,X,X,,,,X
PCT2 && CHGS2,,Single Wire,504,W0384,,965,DL,COFLRYB,0.5,COFLRYB-0.5,180FW4039K9,,,,,,2448AA,C83,,,,,9,7196146102,4.0,7158316780,,7298250930,15 / N,NO,Single,,,,,730-53B,C84,,,,,2,7196146102,4.0,7158316780,,7298228210,24 / N,NO,Single,,,,X,X,,,,X
CHGS2,,Single Wire,505,W0385,,2770,W,COFLRYB,0.5,COFLRYB-0.5,180FW403940,,,,,,2448AA,C83,,,,,11,7196146102,4.0,7158316780,,7298250930,15 / N,NO,Single,,,,,946AB,C24,,,,,J1,7116441602,4.0,,,7287377230,30 / U,YES,Single,,,,X,X,,,,X
PCT2 && CHGS2,,Twisted Wire,506,W0388,970,950,P,COFLRYB,0.5,COFLRYB-0.5,180FW403952,CBL$2175,,25,,,2448AA,C83,50,,,,7,7196146102,4.0,7158316780,,7298250930,15 / N,NO,Single,,,,,730-53B,C84,50,,,,3,7196146102,4.0,7158316780,,7298228210,24 / N,NO,Single,,,,X,X,,,,X
PCT2 && CHGS2,,Twisted Wire,507,W0389,970,950,G,COFLRYB,0.5,COFLRYB-0.5,180FW403960,CBL$2175,,25,,,2448AA,C83,50,,,,8,7196146102,4.0,7158316780,,7298250930,15 / N,NO,Single,,,,,730-53B,C84,50,,,,4,7196146102,4.0,7158316780,,7298228210,24 / N,NO,Single,,,,X,X,,,,X
CHGS2,,Single Wire,508,W0390,,1470,B,COFLRYB,0.5,COFLRYB-0.5,180FW403930,,,,,,2448AA,C83,,,,,10,7196146102,4.0,7158316780,,7298250930,15 / N,NO,Single,,,,,ENU-C,J632,,,70393211,,R,,,,,KS7478-0150,63 / P,,,,,,X,X,,,,X
ALL,,Single Wire,51,W0050,,465,P/W,COFLRYB,0.35,COFLRYB-0.35,180FW406900,,,,,,647-53A,C55,,,,,13,7195028702,4.0,,,7186066590,59 / W,NO,Single,,,,,444-53A,C42,,,,,17,7196120602,3.25,,,72782146,48 / U,NO,Single,,,,X,X,X,X,X,X
LHDG,,Single Wire,510,W0391,,1980,BR/W,COFLRYB,0.35,COFLRYB-0.35,180FW406984,,,,,,648-53A,C88,,,,,4,7195028702,4.0,,,7186066580,52 / X,NO,Single,,,,,EFM-A,J647,,,70393210,,L,,,,,KS7478-0150,11 / N,,,,,,X,X,X,X,X,X
LHDG,,Single Wire,511,W0392,,2000,L/W,COFLRYB,0.35,COFLRYB-0.35,180FW406994,,,,,,646-53A,C56,,,,,10,7195028702,4.0,,,7186066560,61 / V,NO,Single,,,,,EFM-A,J647,,,70393210,,L,,,,,KS7478-0150,11 / N,,,,,,X,X,X,X,X,X
LHDG,,Single Wire,512,W0393,,1990,G/W,COFLRYB,0.35,COFLRYB-0.35,180FW406964,,,,,,647-53A,C55,,,,,20,7195028702,4.0,,,7186066590,59 / W,NO,Single,,,,,EFM-A,J647,,,70393210,,L,,,,,KS7478-0150,11 / N,,,,,,X,X,X,X,X,X
ALL,,Single Wire,513,W0433,,465,B,COFLRYB,2.0,COFLRYB-2.0,180FW404230,,,,,,660-53A,C65,,,,,17,7116704602,4.3,,,71546533,70 / Q,NO,Single,,,,,107-53A,C57,,,,,17,7114725602,4.5,,,72860666,65 / V,NO,Single,,,,X,X,X,X,X,X
ALL,,Single Wire,52,W0051,,465,GY/W,COFLRYB,0.35,COFLRYB-0.35,180FW4069H7,,,,,,647-53A,C55,,,,,14,7195028702,4.0,,,7186066590,59 / W,NO,Single,,,,,444-53A,C42,,,,,37,7196120602,3.25,,,72782146,48 / U,NO,Single,,,,X,X,X,X,X,X
ALL,,Single Wire,520,W0399,,525,BE/W,COFLRYB,0.35,COFLRYB-0.35,180FW4069DH,,,,,,260AF,C90,,,,,29,7196120602,3.25,,,72780597,60 / P,NO,Single,,,,,661-53A,C68,,,,,20,7196029002,4.0,,,71870905,71 / Q,NO,Single,,,,X,X,X,X,X,X
ALL,,Single Wire,521,W0400,,525,BR/W,COFLRYB,0.35,COFLRYB-0.35,180FW406984,,,,,,260AF,C90,,,,,31,7196120602,3.25,,,72780597,60 / P,NO,Single,,,,,661-53A,C68,,,,,15,7196029002,4.0,,,71870905,71 / Q,NO,Single,,,,X,X,X,X,X,X
ALL,,Single Wire,522,W0401,,525,DL,COFLRYB,0.5,COFLRYB-0.5,180FW4039K9,,,,,,260AF,C90,,,,,11,7196120602,3.25,,,72780597,60 / P,NO,Single,,,,,661-53A,C68,,,,,5,7196029002,4.0,,,71870905,71 / Q,NO,Single,,,,X,X,X,X,X,X
ALL,,Single Wire,523,W0402,,525,BE/W,COFLRYB,0.35,COFLRYB-0.35,180FW4069DH,,,,,,260AF,C90,,,,,14,7196120602,3.25,,,72780597,60 / P,NO,Single,,,,,661-53A,C68,,,,,10,7196029002,4.0,,,71870905,71 / Q,NO,Single,,,,X,X,X,X,X,X
ALL,,Single Wire,524,W0403,,525,GY/W,COFLRYB,0.35,COFLRYB-0.35,180FW4069H7,,,,,,260AF,C90,,,,,13,7196120602,3.25,,,72780597,60 / P,NO,Single,,,,,661-53A,C68,,,,,11,7196029002,4.0,,,71870905,71 / Q,NO,Single,,,,X,X,X,X,X,X
ALL,,Single Wire,525,W0404,,525,BE,COFLRYB,0.5,COFLRYB-0.5,180FW40395U,,,,,,260AF,C90,,,,,21,7196120602,3.25,,,72780597,60 / P,NO,Single,,,,,661-53A,C68,,,,,1,7196029002,4.0,,,71870905,71 / Q,NO,Single,,,,X,X,X,X,X,X
ALL,,Single Wire,526,W0405,,590,BE,COFLRYB,0.5,COFLRYB-0.5,180FW40395U,,,,,,260AF,C90,,,,,12,7196120602,3.25,,,72780597,60 / P,NO,Single,,,,,645-53A,C54,,,,,7,7195028702,4.0,,,71860665,55 / V,NO,Single,,,,X,X,X,X,X,X
ALL,,Single Wire,527,W0406,,590,BE/W,COFLRYB,0.35,COFLRYB-0.35,180FW4069DH,,,,,,260AF,C90,,,,,25,7196120602,3.25,,,72780597,60 / P,NO,Single,,,,,645-53A,C54,,,,,13,7195028702,4.0,,,71860665,55 / V,NO,Single,,,,X,X,X,X,X,X
ALL,,Single Wire,528,W0407,,590,GY/W,COFLRYB,0.35,COFLRYB-0.35,180FW4069H7,,,,,,260AF,C90,,,,,17,7196120602,3.25,,,72780597,60 / P,NO,Single,,,,,645-53A,C54,,,,,3,7195028702,4.0,,,71860665,55 / V,NO,Single,,,,X,X,X,X,X,X
ALL,,Single Wire,529,W0408,,590,BR,COFLRYB,0.5,COFLRYB-0.5,180FW403980,,,,,,260AF,C90,,,,,18,7196120602,3.25,,,72780597,60 / P,NO,Single,,,,,645-53A,C54,,,,,10,7195028702,4.0,,,71860665,55 / V,NO,Single,,,,X,X,X,X,X,X
ALL,,Single Wire,53,W0052,,465,P/W,COFLRYB,0.35,COFLRYB-0.35,180FW406900,,,,,,647-53A,C55,,,,,15,7195028702,4.0,,,7186066590,59 / W,NO,Single,,,,,444-53A,C42,,,,,40,7196120602,3.25,,,72782146,48 / U,NO,Single,,,,X,X,X,X,X,X
ALL,,Single Wire,530,W0409,,590,P/BR,COFLRYB,1.5,COFLRYB-1.5,180FW4065A5,,,,,,107-53A,C57,,,,,1,7114404902,5.0,,,72860666,65 / V,NO,Single,,,,,260AE,C89,,,,,5,7116725202,4.3,,,7289862080,55 / P,NO,Single,,,,X,X,X,X,X,X
ALL,,Single Wire,535,W0410,,500,R,COFLRYB,1.25,COFLRYB-1.25,180FW404150,,,,,,260AE,C89,,,,,9,7116725202,4.3,,,7289862080,55 / P,NO,Single,,,,,660-53A,C65,,,,,3,7116725202,4.3,,,71546533,70 / Q,NO,Single,,,,X,X,X,X,X,X
ALL,,Single Wire,536,W0411,,585,R,COFLRYB,1.0,COFLRYB-1.0,180FW406050,,,,,,107-53A,C57,,,,,10,7114725402,4.5,,,72860666,65 / V,NO,Single,,,,,260AE,C89,,,,,13,7116725102,4.3,,,7289862080,55 / P,NO,Single,,,,X,X,X,X,X,X
ALL,,Single Wire,537,W0412,,590,R/BR,COFLRYB,1.5,COFLRYB-1.5,180FW406558,,,,,,107-53A,C57,,,,,5,7114725502,4.5,,,72860666,65 / V,NO,Single,,,,,260AE,C89,,,,,11,7116725202,4.3,,,7289862080,55 / P,NO,Single,,,,X,X,X,X,X,X
ALL,,Single Wire,538,W0413,,620,R,COFLRYB,0.5,COFLRYB-0.5,180FW403950,,,,,,107-53A,C57,,,,,2,7114725502,4.5,,,72860666,65 / V,YES,Double,133,,,,260AF,C90,,,,,24,7196120602,3.25,,,72780597,60 / P,NO,Single,,,,X,X,X,X,X,X
ALL,,Single Wire,539,W0414,,590,R,COFLRYB,0.5,COFLRYB-0.5,180FW403950,,,,,,260AF,C90,,,,,3,7196120602,3.25,,,72780597,60 / P,NO,Single,,,,,645-53A,C54,,,,,1,7195028702,4.0,,,71860665,55 / V,NO,Single,,,,X,X,X,X,X,X
ALL,,Single Wire,54,W0053,,465,BR/W,COFLRYB,0.35,COFLRYB-0.35,180FW406984,,,,,,647-53A,C55,,,,,16,7195028702,4.0,,,7186066590,59 / W,NO,Single,,,,,444-53A,C42,,,,,39,7196120602,3.25,,,72782146,48 / U,NO,Single,,,,X,X,X,X,X,X
ALL,,Single Wire,540,W0415,,525,R/W,COFLRYB,0.35,COFLRYB-0.35,180FW406954,,,,,,260AF,C90,,,,,9,7196120602,3.25,,,72780597,60 / P,NO,Single,,,,,661-53A,C68,,,,,18,7196029002,4.0,,,71870905,71 / Q,NO,Single,,,,X,X,X,X,X,X
ALL,,Single Wire,541,W0416,,500,R,COFLRYB,2.0,COFLRYB-2.0,180FW404250,,,,,,260AE,C89,,,,,4,7116704602,4.3,,,7289862080,55 / P,NO,Single,,,,,660-53A,C65,,,,,4,7116704602,4.3,,,71546533,70 / Q,NO,Single,,,,X,X,X,X,X,X
ALL,,Single Wire,542,W0417,,490,R,COFLRYB,2.0,COFLRYB-2.0,180FW404250,,,,,,260AE,C89,,,,,6,7116704602,4.3,,,7289862080,55 / P,NO,Single,,,,,660-53A,C65,,,,,9,7116704602,4.3,,,71546533,70 / Q,NO,Single,,,,X,X,X,X,X,X
ALL,,Single Wire,543,W0418,,590,R,COFLRYB,0.5,COFLRYB-0.5,180FW403950,,,,,,260AF,C90,,,,,23,7196120602,3.25,,,72780597,60 / P,NO,Single,,,,,645-53A,C54,,,,,2,7195028702,4.0,,,71860665,55 / V,NO,Single,,,,X,X,X,X,X,X
ALL,,Single Wire,544,W0419,,590,R,COFLRYB,0.5,COFLRYB-0.5,180FW403950,,,,,,260AF,C90,,,,,1,7196120602,3.25,,,72780597,60 / P,NO,Single,,,,,645-53A,C54,,,,,8,7195028702,4.0,,,71860665,55 / V,NO,Single,,,,X,X,X,X,X,X
ALL,,Single Wire,545,W0420,,590,R/W,COFLRYB,0.35,COFLRYB-0.35,180FW406954,,,,,,260AF,C90,,,,,30,7196120602,3.25,,,72780597,60 / P,NO,Single,,,,,645-53A,C54,,,,,6,7195028702,4.0,,,71860665,55 / V,NO,Single,,,,X,X,X,X,X,X
ALL,,Single Wire,546,W0421,,590,R/W,COFLRYB,0.35,COFLRYB-0.35,180FW406954,,,,,,260AF,C90,,,,,27,7196120602,3.25,,,72780597,60 / P,NO,Single,,,,,645-53A,C54,,,,,11,7195028702,4.0,,,71860665,55 / V,NO,Single,,,,X,X,X,X,X,X
ALL,,Single Wire,547,W0422,,520,R,COFLRYB,0.5,COFLRYB-0.5,180FW403950,,,,,,260AF,C90,,,,,10,7196120602,3.25,,,72780597,60 / P,NO,Single,,,,,660-53A,C65,,,,,7,7116725202,4.3,,,71546533,70 / Q,YES,Double,548,,,X,X,X,X,X,X
ALL,,Single Wire,548,W0423,,545,R,COFLRYB,0.5,COFLRYB-0.5,180FW403950,,,,,,645-53A,C54,,,,,20,7195028702,4.0,,,71860665,55 / V,NO,Single,,,,,660-53A,C65,,,,,7,7116725202,4.3,,,71546533,70 / Q,YES,Double,547,,,X,X,X,X,X,X
ALL,,Single Wire,549,W0424,,525,R,COFLRYB,0.5,COFLRYB-0.5,180FW403950,,,,,,260AF,C90,,,,,32,7196120602,3.25,,,72780597,60 / P,NO,Single,,,,,661-53A,C68,,,,,12,7196029002,4.0,,,71870905,71 / Q,NO,Single,,,,X,X,X,X,X,X
ALL,,Single Wire,55,W0054,,465,DL/W,COFLRYB,0.35,COFLRYB-0.35,180FW4069K8,,,,,,647-53A,C55,,,,,17,7195028702,4.0,,,7186066590,59 / W,NO,Single,,,,,444-53A,C42,,,,,8,7196120602,3.25,,,72782146,48 / U,NO,Single,,,,X,X,X,X,X,X
ALL,,Single Wire,550,W0425,,590,R,COFLRYB,0.5,COFLRYB-0.5,180FW403950,,,,,,260AF,C90,,,,,22,7196120602,3.25,,,72780597,60 / P,NO,Single,,,,,645-53A,C54,,,,,9,7195028702,4.0,,,71860665,55 / V,NO,Single,,,,X,X,X,X,X,X
ALL,,Single Wire,552,W0427,,585,R,COFLRYB,1.0,COFLRYB-1.0,180FW406050,,,,,,107-53A,C57,,,,,9,7114725402,4.5,,,72860666,65 / V,NO,Single,,,,,260AE,C89,,,,,10,7116725102,4.3,,,7289862080,55 / P,NO,Single,,,,X,X,X,X,X,X
ALL,,Single Wire,553,W0428,,590,R/W,COFLRYB,0.35,COFLRYB-0.35,180FW406954,,,,,,260AF,C90,,,,,2,7196120602,3.25,,,72780597,60 / P,NO,Single,,,,,645-53A,C54,,,,,17,7195028702,4.0,,,71860665,55 / V,NO,Single,,,,X,X,X,X,X,X
ALL,,Single Wire,554,W0429,,615,R,COFLRYB,0.5,COFLRYB-0.5,180FW403950,,,,,,107-53A,C57,,,,,8,7114725502,4.5,,,72860666,65 / V,YES,Double,249,,,,260AF,C90,,,,,16,7196120602,3.25,,,72780597,60 / P,NO,Single,,,,X,X,X,X,X,X
ALL,,Single Wire,555,W0430,,590,R/W,COFLRYB,0.35,COFLRYB-0.35,180FW406954,,,,,,260AF,C90,,,,,20,7196120602,3.25,,,72780597,60 / P,NO,Single,,,,,645-53A,C54,,,,,19,7195028702,4.0,,,71860665,55 / V,NO,Single,,,,X,X,X,X,X,X
ALL,,Single Wire,556,W0431,,1395,R,A3ZP,0.5,A3ZP-0.5,180CE503950,,,,,,260AF,C90,,,,,19,7196120602,3.25,,,72780597,60 / P,NO,Single,,,,,468-53A,C32,,,,,2,7114486502,5.0,7158395790,,7282295830,42 / K,NO,Single,,,,X,X,X,X,X,X
ALL,,Single Wire,557,W0432,,590,R,COFLRYB,1.0,COFLRYB-1.0,180FW406050,,,,,,107-53A,C57,,,,,3,7114725402,4.5,,,72860666,65 / V,NO,Single,,,,,260AE,C89,,,,,12,7116725102,4.3,,,7289862080,55 / P,NO,Single,,,,X,X,X,X,X,X
ALL,,Single Wire,56,W0055,,465,BR/W,COFLRYB,0.35,COFLRYB-0.35,180FW406984,,,,,,647-53A,C55,,,,,1,7195028702,4.0,,,7186066590,59 / W,NO,Single,,,,,444-53A,C42,,,,,35,7196120602,3.25,,,72782146,48 / U,NO,Single,,,,X,X,X,X,X,X
ALL,,Single Wire,57,W0056,,465,L/W,COFLRYB,0.35,COFLRYB-0.35,180FW406994,,,,,,647-53A,C55,,,,,2,7195028702,4.0,,,7186066590,59 / W,NO,Single,,,,,444-53A,C42,,,,,36,7196120602,3.25,,,72782146,48 / U,NO,Single,,,,X,X,X,X,X,X
ALL,,Single Wire,58,W0057,,465,DL/W,COFLRYB,0.35,COFLRYB-0.35,180FW4069K8,,,,,,647-53A,C55,,,,,3,7195028702,4.0,,,7186066590,59 / W,NO,Single,,,,,444-53A,C42,,,,,32,7196120602,3.25,,,72782146,48 / U,NO,Single,,,,X,X,X,X,X,X
ALL,,Single Wire,59,W0058,,465,P/W,COFLRYB,0.35,COFLRYB-0.35,180FW406900,,,,,,647-53A,C55,,,,,7,7195028702,4.0,,,7186066590,59 / W,NO,Single,,,,,444-53A,C42,,,,,7,7196120602,3.25,,,72782146,48 / U,NO,Single,,,,X,X,X,X,X,X
ALL,,Single Wire,60,W0059,,380,G/W,COFLRYB,0.35,COFLRYB-0.35,180FW406964,,,,,,662-53A,C71,,,,,10,7196029002,4.0,,,7187090560,73 / R,NO,Single,,,,,E38IB-A,J603,,,4309U5030,,R,,,,,KS7478-0150,61 / T,,,,,,X,X,X,X,X,X
ALL,,Single Wire,61,W0060,,1610,GY/W,COFLRYB,0.35,COFLRYB-0.35,180FW4069H7,,,,,,662-53A,C71,,,,,20,7196029002,4.0,,,7187090560,73 / R,NO,Single,,,,,E38RB-A,J606,,,4309U5030,,R,,,,,KS7478-0150,7 / Q,,,,,,X,X,X,X,X,X
HTS02,,Single Wire,62,W0061,,525,BE/W,COFLRYB,0.35,COFLRYB-0.35,180FW4069DH,,,,,,662-53A,C71,,,,,7,7196029002,4.0,,,7187090560,73 / R,NO,Single,,,,,107-53A,C57,,,,,13,7114725402,4.5,,,72860666,65 / V,YES,Double,86,,,X,X,X,X,,
ALL,,Single Wire,63,W0062,,1950,BE/W,COFLRYB,0.35,COFLRYB-0.35,180FW4069DH,,,,,,662-53A,C71,,,,,9,7196029002,4.0,,,7187090560,73 / R,NO,Single,,,,,E78I-A,J612,,,70393210,,R,,,,,KS7478-0150,30 / F,,,,,,X,X,X,X,X,X
ALL,,Single Wire,64,W0063,,530,R,COFLRYB,0.5,COFLRYB-0.5,180FW403950,,,,,,663-53A,C69,,,,,18,7196029002,4.0,,,7187090590,71 / U,NO,Single,,,,,260AA,C52,,,,,2,7116725202,4.3,,,72899966,56 / S,YES,Double,4,,,X,X,X,X,X,X
ALL,,Single Wire,65,W0064,,345,L/W,COFLRYB,0.35,COFLRYB-0.35,180FW406994,,,,,,742-53A,C17,,,,,1,7114441502,4.0,7158316660,,7286383840,16 / S,NO,Single,,,,,938AA,C12,,,,,16,7116441502,4.0,7158316660,,7298170230,13 / U,NO,Single,,,,X,X,X,X,X,X
ALL,,Single Wire,66,W0065,,345,GY/W,COFLRYB,0.35,COFLRYB-0.35,180FW4069H7,,,,,,742-53A,C17,,,,,4,7114441502,4.0,7158316660,,7286383840,16 / S,NO,Single,,,,,938AA,C12,,,,,34,7116441502,4.0,7158316660,,7298170230,13 / U,NO,Single,,,,X,X,X,X,X,X
ALL,,Single Wire,67,W0066,,445,GY/W,COFLRYB,0.35,COFLRYB-0.35,180FW4069H7,,,,,,743-53A,C28,,,,,2,7196146002,4.0,7158316660,,7298228210,36 / L,NO,Single,,,,,E3AMV-A,J608,,,70393210,,R,,,,,KS7478-0150,36 / E,,,,,,X,X,X,X,X,X
ALL,,Single Wire,68,W0067,,1245,W,COFLRYB,0.5,COFLRYB-0.5,180FW403940,,,,,,938AA,C12,,,,,10,7116441602,4.0,7158316780,,7298170230,13 / U,NO,Single,,,,,946AB,C24,,,,,P3,7116528702,5.0,7172505640,,7287377230,30 / U,NO,Single,,,,X,X,X,X,X,X
ALL,,Single Wire,69,W0068,,1245,GY,COFLRYB,0.5,COFLRYB-0.5,180FW403941,,,,,,938AA,C12,,,,,11,7116441602,4.0,7158316780,,7298170230,13 / U,NO,Single,,,,,946AB,C24,,,,,P1,7116528702,5.0,7172505640,,7287377230,30 / U,NO,Single,,,,X,X,X,X,X,X
ALL,,Single Wire,7,W0007,,775,GY/BR,A3ZP,1.5,A3ZP-1.5,180CE5065K5,,,,,,188AA,C26,,,,,4,7116173402,5.5,,,7283464030,34 / K,NO,Single,,,,,E3AMV-A,J608,,,70393210,,L,,,,,KS7478-0150,36 / E,,,,,,X,X,X,X,X,X
ALL,,Single Wire,70,W0069,,1345,GY,COFLRYB,0.5,COFLRYB-0.5,180FW403941,,,,,,938AA,C12,,,,,17,7116441602,4.0,7158316780,,7298170230,13 / U,NO,Single,,,,,946AC,C29,,,,,E3,7116441602,4.0,,,7287377340,38 / U,NO,Single,,,,X,X,X,X,X,X
ALL,,Single Wire,71,W0070,,1265,P,COFLRYB,0.5,COFLRYB-0.5,180FW403952,,,,,,938AA,C12,,,,,18,7116441602,4.0,7158316780,,7298170230,13 / U,NO,Single,,,,,946AB,C24,,,,,K4,7116441602,4.0,,,7287377230,30 / U,NO,Single,,,,X,X,X,X,X,X
ALL,,Single Wire,72,W0071,,1340,L,COFLRYB,0.5,COFLRYB-0.5,180FW403990,,,,,,938AA,C12,,,,,21,7116441602,4.0,7158316780,,7298170230,13 / U,NO,Single,,,,,946AC,C29,,,,,G2,7116441602,4.0,,,7287377340,38 / U,NO,Single,,,,X,X,X,X,X,X
ALL,,Single Wire,73,W0072,,1275,W,COFLRYB,0.5,COFLRYB-0.5,180FW403940,,,,,,938AA,C12,,,,,22,7116441602,4.0,7158316780,,7298170230,13 / U,NO,Single,,,,,946AB,C24,,,,,G3,7116441602,4.0,,,7287377230,30 / U,NO,Single,,,,X,X,X,X,X,X
ALL,,Single Wire,74,W0073,,1275,P,COFLRYB,0.5,COFLRYB-0.5,180FW403952,,,,,,938AA,C12,,,,,23,7116441602,4.0,7158316780,,7298170230,13 / U,NO,Single,,,,,946AB,C24,,,,,G1,7116441602,4.0,,,7287377230,30 / U,NO,Single,,,,X,X,X,X,X,X
ALL,,Single Wire,75,W0074,,1265,BR,COFLRYB,0.5,COFLRYB-0.5,180FW403980,,,,,,938AA,C12,,,,,25,7116441602,4.0,7158316780,,7298170230,13 / U,NO,Single,,,,,946AB,C24,,,,,J3,7116441602,4.0,,,7287377230,30 / U,NO,Single,,,,X,X,X,X,X,X
ALL,,Single Wire,76,W0075,,1280,G,COFLRYB,0.5,COFLRYB-0.5,180FW403960,,,,,,938AA,C12,,,,,29,7116441602,4.0,7158316780,,7298170230,13 / U,NO,Single,,,,,946AB,C24,,,,,E4,7116441602,4.0,,,7287377230,30 / U,NO,Single,,,,X,X,X,X,X,X
ALL,,Single Wire,77,W0076,,1285,BE,COFLRYB,0.5,COFLRYB-0.5,180FW40395U,,,,,,938AA,C12,,,,,2,7116441602,4.0,7158316780,,7298170230,13 / U,NO,Single,,,,,946AB,C24,,,,,C4,7116441602,4.0,,,7287377230,30 / U,NO,Single,,,,X,X,X,X,X,X
ALL,,Single Wire,78,W0077,,1265,DL,COFLRYB,0.5,COFLRYB-0.5,180FW4039K9,,,,,,938AA,C12,,,,,30,7116441602,4.0,7158316780,,7298170230,13 / U,NO,Single,,,,,946AB,C24,,,,,J4,7116441602,4.0,,,7287377230,30 / U,NO,Single,,,,X,X,X,X,X,X
ALL,,Single Wire,79,W0078,,1255,P,COFLRYB,0.5,COFLRYB-0.5,180FW403952,,,,,,938AA,C12,,,,,3,7116441602,4.0,7158316780,,7298170230,13 / U,NO,Single,,,,,946AB,C24,,,,,M2,7116441602,4.0,,,7287377230,30 / U,NO,Single,,,,X,X,X,X,X,X
ALL,,Single Wire,8,W0008,,220,L,COFLRYB,0.5,COFLRYB-0.5,180FW403990,,,,,,2235AA,C70,,,,,2,7116997402,4.0,,,7171297430,73 / F,NO,Single,,,,,3265AA,C73,,,,,A2,7316809602,4.0,,,7171192330,72 / G,YES,Double,12,,,X,X,X,X,X,X
ALL,,Single Wire,80,W0079,,1245,GY,COFLRYB,0.5,COFLRYB-0.5,180FW403941,,,,,,938AA,C12,,,,,4,7116441602,4.0,7158316780,,7298170230,13 / U,NO,Single,,,,,946AB,C24,,,,,P4,7116528702,5.0,7172505640,,7287377230,30 / U,NO,Single,,,,X,X,X,X,X,X
ALL,,Single Wire,81,W0080,,1245,G,COFLRYB,0.5,COFLRYB-0.5,180FW403960,,,,,,938AA,C12,,,,,5,7116441602,4.0,7158316780,,7298170230,13 / U,NO,Single,,,,,946AB,C24,,,,,P2,7116528702,5.0,7172505640,,7287377230,30 / U,NO,Single,,,,X,X,X,X,X,X
ALL,,Single Wire,82,W0081,,400,BR,COFLRYB,0.5,COFLRYB-0.5,180FW403980,,,,,,946AA,C21,,,,,E4,7116441602,4.0,,,7287375630,25 / T,NO,Single,,,,,E5A-A,J609,,,4309U5030,,R,,,,,KS7478-0150,30 / P,,,,,,X,X,X,X,X,X
ALL,,Single Wire,83,W0082,,1300,BE/W,COFLRYB,0.35,COFLRYB-0.35,180FW4069DH,,,,,,1337AC,C76,,,,,20,7196120602,3.25,,,7278179940,75 / M,NO,Single,,,,,E78I-A,J612,,,70393210,,R,,,,,KS7478-0150,30 / F,,,,,,X,X,X,X,X,X
ALL,,Single Wire,85,W0083,,1185,GY/W,COFLRYB,0.35,COFLRYB-0.35,180FW4069H7,,,,,,419AA,C35,,,,,12,7196120602,3.25,,,7278214730,44 / S,NO,Single,,,,,E38RB-A,J606,,,4309U5030,,R,,,,,KS7478-0150,7 / Q,,,,,,X,X,X,X,X,X
HTSW0 || HTS02,,Single Wire,86,W0084,,625,BE/W,COFLRYB,0.35,COFLRYB-0.35,180FW4069DH,,,,,,419AA,C35,,,,,5,7196120602,3.25,,,7278214730,44 / S,NO,Single,,,,,107-53A,C57,,,,,13,7114725302,4.5,,,72860666,65 / V,YES,Single,,,,,,,,X,X
HTSW0 || HTS02,,Single Wire,86,W0084,,625,BE/W,COFLRYB,0.35,COFLRYB-0.35,180FW4069DH,,,,,,419AA,C35,,,,,5,7196120602,3.25,,,7278214730,44 / S,NO,Single,,,,,107-53A,C57,,,,,13,7114725402,4.5,,,72860666,65 / V,YES,Double,62,,,X,X,X,X,,
ALL,,Single Wire,87,W0085,,650,G/W,COFLRYB,0.35,COFLRYB-0.35,180FW406964,,,,,,419AB,C38,,,,,2,7196120602,3.25,,,7278214840,46 / T,NO,Single,,,,,E38IB-A,J603,,,4309U5030,,R,,,,,KS7478-0150,61 / T,,,,,,X,X,X,X,X,X
ALL,,Single Wire,88,W0086,,615,B/W,COFLRYB,0.35,COFLRYB-0.35,180FW406934,,,,,,444-53A,C42,,,,,14,7196120602,3.25,,,72782146,48 / U,NO,Single,,,,,ENU-A,J645,,,70393211,,L,,,,,KS7478-0150,62 / Q,,,,,,X,X,X,X,X,X
ALL,,Single Wire,89,W0087,,340,BR/W,COFLRYB,0.35,COFLRYB-0.35,180FW406984,,,,,,444-53A,C42,,,,,25,7196120602,3.25,,,72782146,48 / U,NO,Single,,,,,E38EW-A,J602,,,4309U5030,,R,,,,,KS7478-0150,64 / V,,,,,,X,X,X,X,X,X
ALL,,Single Wire,9,W0009,,825,BE/W,COFLRYB,0.35,COFLRYB-0.35,180FW4069DH,,,,,,226AA,C30,,,,,2,7216778602,3.3,7158347440,,7287703830,38 / B,NO,Single,,,,,E78I-A,J612,,,70393210,,L,,,,,KS7478-0150,30 / F,,,,,,X,X,X,X,X,X
ALL,,Single Wire,90,W0088,,340,BR/W,COFLRYB,0.35,COFLRYB-0.35,180FW406984,,,,,,444-53A,C42,,,,,26,7196120602,3.25,,,72782146,48 / U,NO,Single,,,,,E38EW-A,J602,,,4309U5030,,R,,,,,KS7478-0150,64 / V,,,,,,X,X,X,X,X,X
4DGS,,Single Wire,900,W0396,,1630,R,COFLRYB,0.5,COFLRYB-0.5,180FW403950,,,,,,777AB,C82,,,,,A17,7116480202,4.0,,,7271295130,78 / C,YES,Single,,,,,EBRH3-A,J648,,,4309U5030,,L,,,,,KS7478-0150,69 / U,,,,,,X,,,X,X,X
ALL,,Single Wire,91,W0089,,615,B/W,COFLRYB,0.35,COFLRYB-0.35,180FW406934,,,,,,444-53A,C42,,,,,33,7196120602,3.25,,,72782146,48 / U,NO,Single,,,,,ENU-A,J645,,,70393211,,L,,,,,KS7478-0150,62 / Q,,,,,,X,X,X,X,X,X
ALL,,Single Wire,92,W0090,,615,B/W,COFLRYB,0.35,COFLRYB-0.35,180FW406934,,,,,,444-53A,C42,,,,,34,7196120602,3.25,,,72782146,48 / U,NO,Single,,,,,ENU-A,J645,,,70393211,,L,,,,,KS7478-0150,62 / Q,,,,,,X,X,X,X,X,X
ALL,,Single Wire,93,W0091,,2550,BE,COFLRYB,0.5,COFLRYB-0.5,180FW40395U,,,,,,2287AA,C86,,,,,1,7296129602,3.7,7158303870,,7289909030,22 / K,NO,Single,,,,,938AA,C12,,,,,15,7116441602,4.0,7158316780,,7298170230,13 / U,NO,Single,,,,X,X,X,X,X,X
ALL,,Single Wire,94,W0092,,2550,P,COFLRYB,0.5,COFLRYB-0.5,180FW403952,,,,,,2287AA,C86,,,,,2,7296129602,3.7,7158303870,,7289909030,22 / K,NO,Single,,,,,938AA,C12,,,,,32,7116441602,4.0,7158316780,,7298170230,13 / U,NO,Single,,,,X,X,X,X,X,X
ALL,,Single Wire,95,W0093,,2140,R,COFLRYB,0.5,COFLRYB-0.5,180FW403950,,,,,,2287AA,C86,,,,,4,7296129602,3.7,7158303870,,7289909030,22 / K,NO,Single,,,,,EBRH4-A,J619,,,4309U5030,,R,,,,,KS7478-0150,20 / Q,,,,,,X,X,X,X,X,X
4DGS,,Single Wire,950,W0397,,365,R,COFLRYB,0.5,COFLRYB-0.5,180FW403950,,,,,,663-53A,C69,,,,,20,7196029002,4.0,,,7187090590,71 / U,YES,Single,,,,,EBRH3-A,J648,,,4309U5030,,L,,,,,KS7478-0150,69 / U,,,,,,X,,,X,X,X
ALL,,Single Wire,96,W0094,,525,R/W,COFLRYB,0.35,COFLRYB-0.35,180FW406954,,,,,,938AA,C12,,,,,13,7116441502,4.0,7158316660,,7298170230,13 / U,NO,Single,,,,,EBRH4-A,J619,,,4309U5030,,R,,,,,KS7478-0150,20 / Q,,,,,,X,X,X,X,X,X
ALL,,Single Wire,97,W0095,,525,R/W,COFLRYB,0.35,COFLRYB-0.35,180FW406954,,,,,,938AA,C12,,,,,14,7116441502,4.0,7158316660,,7298170230,13 / U,NO,Single,,,,,EBRH4-A,J619,,,4309U5030,,R,,,,,KS7478-0150,20 / Q,,,,,,X,X,X,X,X,X
ALL,,Single Wire,98,W0096,,425,R/W,COFLRYB,0.35,COFLRYB-0.35,180FW406954,,,,,,938AA,C12,,,,,1,7116441502,4.0,7158316660,,7298170230,13 / U,NO,Single,,,,,EBRH4-A,J619,,,4309U5030,,L,,,,,KS7478-0150,20 / Q,,,,,,X,X,X,X,X,X
ALL,,Single Wire,99,W0097,,425,R/W,COFLRYB,0.35,COFLRYB-0.35,180FW406954,,,,,,938AA,C12,,,,,20,7116441502,4.0,7158316660,,7298170230,13 / U,NO,Single,,,,,EBRH4-A,J619,,,4309U5030,,L,,,,,KS7478-0150,20 / Q,,,,,,X,X,X,X,X,X
